Handle,Title,Body (HTML),Vendor,Product Category,Type,Tags,Published,Option1 Name,Option1 Value,Option1 Linked To,Option2 Name,Option2 Value,Option2 Linked To,Option3 Name,Option3 Value,Option3 Linked To,Variant SKU,Variant Grams,Variant Inventory Tracker,Variant Inventory Qty,Variant Inventory Policy,Variant Fulfillment Service,Variant Price,Variant Compare At Price,Variant Requires Shipping,Variant Taxable,Unit Price Total Measure,Unit Price Total Measure Unit,Unit Price Base Measure,Unit Price Base Measure Unit,Variant Barcode,Image Src,Image Position,Image Alt Text,Gift Card,SEO Title,SEO Description,Google Shopping / Google Product Category,Google Shopping / Gender,Google Shopping / Age Group,Google Shopping / MPN,Google Shopping / Condition,Google Shopping / Custom Product,Google Shopping / Custom Label 0,Google Shopping / Custom Label 1,Google Shopping / Custom Label 2,Google Shopping / Custom Label 3,Google Shopping / Custom Label 4,Google: Custom Product (product.metafields.mm-google-shopping.custom_product),Product rating count (product.metafields.reviews.rating_count),CODK Hide Product (product.metafields.seo.hidden),Age group (product.metafields.shopify.age-group),Book cover type (product.metafields.shopify.book-cover-type),Bookmark shape (product.metafields.shopify.bookmark-shape),Color (product.metafields.shopify.color-pattern),Genre (product.metafields.shopify.genre),Language version (product.metafields.shopify.language-version),Material (product.metafields.shopify.material),Recommended age group (product.metafields.shopify.recommended-age-group),Suitable for skin type (product.metafields.shopify.suitable-for-skin-type),Target audience (product.metafields.shopify.target-audience),Variant Image,Variant Weight Unit,Variant Tax Code,Cost per item,Status
the-correspondent-by-virginia-evans,"The
Correspondent By Virginia Evans","<p><span>The Correspondent</span><span> by Virginia Evans is a heartfelt novel that explores connection, loneliness, memory, and the unexpected ways people find each other through words. Through letters and conversations, it captures the beauty of human relationships and the emotions we often struggle to say aloud.</span></p>
<p> </p>
<p><span>Tender, reflective, and deeply moving, this is a book for anyone who loves character-driven stories that feel personal and real. It reminds us that sometimes a simple message can change everything.</span></p>
<p> </p>
<p> </p>",Author’s book & bookmarks,,,,true,Title,Default Title,,,,,,,,,0.0,shopify,10,deny,manual,849.00,899.00,true,true,,,,,,https://cdn.shopify.com/s/files/1/0967/8818/5393/files/IMG-4387.jpg?v=1781976638,1,"The
Correspondent By Virginia Evans by Author’s book & bookmarks – book cover",false,"The
Correspondent By Virginia Evans | Author's Book & Bookmarks","The
Correspondent By Virginia Evans by Author’s book & bookmarks. Order your copy.",Media > Books,,,,,,,,,,,,,,,,,,,,,,,,,g,,,active
john-john-by-douglas-stuart,"John John By
Douglas Stuart","<p><span>Step into a deeply reflective and emotionally layered reading experience with </span><span>John of John</span><span> — a haunting, poetic journey that explores identity, love, memory, and the quiet battles within the human mind 🌙📖✨</span></p>
<p> </p>
<p><span>Written with a delicate balance of emotion and introspection, this book follows the fragments of a life shaped by longing, silence, and self-discovery. It gently unfolds the story of a person trying to understand who they are beyond names, expectations, and the versions of themselves shaped by others.</span></p>
<p> </p>
<p><span>📖 Thought-provoking and atmospheric, </span><span>John of John</span><span> blends storytelling with philosophical undertones, creating a narrative that feels both personal and universal. Every page carries a sense of stillness — as if the reader is walking through memories, emotions, and unanswered questions.</span></p>
<p> </p>
<p><span>From love and loss to identity and belonging, the book invites readers to sit with their thoughts and feel the weight of what it means to truly know oneself.</span></p>
<p> </p>
<p><span>Quiet. Intimate. Emotionally resonant. 🌫️</span></p>
<p> </p>
<p><span>Perfect for readers who enjoy literary fiction, introspective storytelling, symbolic narratives, and books that linger long after the final page.</span></p>
<p> </p>
<p><span>🌟 Why you’ll love it:</span></p>
<p> </p>
<p><span>• Deeply emotional and reflective storytelling</span><span><br> </span><span>• Themes of identity, love, and inner conflict</span><span><br> </span><span>• Poetic and atmospheric writing style</span><span><br> </span><span>• A narrative that encourages self-reflection</span><span><br> </span><span>• Subtle but powerful emotional impact throughout</span></p>
<p> </p>
<p><span>📚 Add </span><span>John of John</span><span> to your collection and step into a story that doesn’t just tell — it feels, reflects, and stays with you.</span></p>",Author’s book & bookmarks,Media > Books,,,true,Title,Default Title,,,,,,,,,0.0,shopify,10,deny,manual,849.00,899.00,true,true,,,,,,https://cdn.shopify.com/s/files/1/0967/8818/5393/files/IMG-4365.jpg?v=1781780320,1,"John John By
Douglas Stuart by Author’s book & bookmarks – book cover",false,"John John By
Douglas Stuart | Author's Book & Bookmarks","John John By
Douglas Stuart by Author’s book & bookmarks. Order your copy.",543543,,,,,,,,,,,,,,,,,,,,,,,,,g,,,active
partial-payment,Partial Payment,,Author’s book & bookmarks,,,,true,Payment Type,PartPayment,,,,,,,,,0.0,,0,deny,manual,0.00,,true,true,,,,,,,,,false,,,,,,,,,,,,,,,,'1,,,,,,,,,,,,g,,,active
surrounded-by-idiots-by-thomas-erikson,Surrounded by Idiots by Thomas Erikson,"<p><span>Surrounded by Idiots by</span></p>
<p><span>Thomas Erikson</span></p>
<p><span>Step into a fascinating and practical guide to understanding people with </span><span>Surrounded by Idiots</span><span> — a bestselling book that explores communication styles, personalities, and why misunderstandings happen in everyday life 🧠✨</span></p>
<p><span>Using a simple and engaging behavioral model, Thomas Erikson explains how different personality types think, communicate, react, and interact with others. The book helps readers better understand not only the people around them, but also themselves.</span></p>
<p><span>📖 Fun, insightful, and easy to follow, </span><span>Surrounded by Idiots</span><span> breaks down human behavior into relatable concepts that can improve communication, relationships, teamwork, leadership, and confidence.</span></p>
<p><span>Whether at work, in friendships, or in daily conversations, the book offers practical ways to handle different personalities more effectively and avoid unnecessary conflict.</span></p>
<p><span>Smart. Entertaining. Eye-opening. 💡</span></p>
<p><span>Perfect for readers interested in psychology, self-growth, communication skills, and understanding human behavior.</span></p>
<p><span>🌟 Why you’ll love it:</span></p>
<p><span>• Easy-to-understand insights into personality types</span><span><br> </span><span>• Helps improve communication and relationships</span><span><br> </span><span>• Fun, practical, and highly relatable examples</span><span><br> </span><span>• Useful for work, friendships, and personal growth</span><span><br> </span><span>• A bestselling self-help book with actionable lessons</span></p>
<p><span>📚 Add </span><span>Surrounded by Idiots</span><span> to your collection today and discover a smarter way to understand people, communication, and human behavior.</span></p>",Author’s book & bookmarks,Media > Books,,,true,Book cover type,paperback,product.metafields.shopify.book-cover-type,,,,,,,,0.0,shopify,10,deny,manual,649.00,699.00,true,true,,,,,,https://cdn.shopify.com/s/files/1/0967/8818/5393/files/IMG-3933.jpg?v=1779527253,1,Surrounded by Idiots by Thomas Erikson by Author’s book & bookmarks – book cover,false,Surrounded by Idiots by Thomas | Author's Book & Bookmarks,Surrounded by Idiots by Thomas Erikson by Author’s book & bookmarks. Order your copy.,784,,,,,,,,,,,,,,,paperback; hardcover,,,,,,,,,,g,,,active
surrounded-by-idiots-by-thomas-erikson,,,,,,,,,hardcover,,,,,,,,,0.0,shopify,0,deny,manual,649.00,699.00,true,true,,,,,,,,,,,,,,,,,,,,,,,,,,,,,,,,,,,,,g,,,
the-almanack-of-naval-ravikant-by-eric-jorgenson,The Almanack of Naval Ravikant by Eric Jorgenson,"<p><span>The Almanack of Naval Ravikant by </span><span>Eric Jorgenson</span></p>
<p> </p>
<p><span>Step into a powerful collection of wisdom and life lessons with </span><span>The Almanack of Naval Ravikant</span><span> — a thought-provoking guide to wealth, happiness, success, and living a meaningful life 💡✨</span></p>
<p> </p>
<p><span>Built around the ideas and insights of entrepreneur and investor Naval Ravikant, this book explores how to create wealth without sacrificing peace of mind, while also focusing on personal growth, freedom, and long-term happiness.</span></p>
<p> </p>
<p><span>📖 Clear, practical, and deeply inspiring, the book combines philosophy, business wisdom, self-awareness, and modern life lessons into an easy-to-read and highly impactful experience.</span></p>
<p> </p>
<p><span>From building wealth and making better decisions to understanding happiness and relationships, every chapter offers insights that encourage readers to think differently about life and success.</span></p>
<p> </p>
<p><span>Wise. Practical. Transformative. 🌙</span></p>
<p> </p>
<p><span>Perfect for readers interested in self-growth, entrepreneurship, productivity, philosophy, and building a balanced, fulfilling life.</span></p>
<p> </p>
<p><span>🌟 Why you’ll love it:</span></p>
<p> </p>
<p><span>• Powerful lessons on wealth, happiness, and success</span></p>
<p><span>• Simple yet deeply thought-provoking insights</span></p>
<p><span>• Combines philosophy, business, and personal growth</span></p>
<p><span>• Practical advice for mindset and decision-making</span></p>
<p><span>• Inspiring and highly quotable wisdom throughout</span></p>
<p> </p>
<p><span>📚 Add </span><span>The Almanack of Naval Ravikant</span><span> to your collection today and discover timeless insights on building wealth, finding happiness, and living with purpose.</span></p>",Author’s book & bookmarks,Media > Books,,,true,Title,Default Title,,,,,,,,,0.0,shopify,10,deny,manual,549.00,599.00,true,true,,,,,,https://cdn.shopify.com/s/files/1/0967/8818/5393/files/IMG-3930.jpg?v=1779526667,1,The Almanack of Naval Ravikant by Eric Jorgenson by Author’s book & bookmarks – book cover,false,The Almanack of Naval Ravikant by | Author's Book & Bookmarks,The Almanack of Naval Ravikant by Eric Jorgenson by Author’s book & bookmarks. Order your copy.,784,,,,,,,,,,,,,,,,,,self-help-personal-development; philosophy,english,,adults,,adults,,g,,,active
why-has-nobody-told-me-this-before-by-julie-smith,Why Has Nobody Told Me This Before? by Julie Smith,"<p><span>Why Has Nobody Told Me This Before? by</span></p>
<p><span>Julie Smith</span></p>
<p><span>Step into a comforting and empowering guide to mental well-being with </span><span>Why Has Nobody Told Me This Before?</span><span> — a practical and insightful book filled with tools to navigate stress, anxiety, self-doubt, low mood, and everyday emotional struggles 🌿✨</span></p>
<p><span>Written by clinical psychologist Julie Smith, this book combines professional knowledge with simple, relatable advice to help readers better understand their thoughts, emotions, and mental health.</span></p>
<p><span>📖 Warm, supportive, and easy to follow, the book offers practical techniques for building confidence, handling difficult emotions, improving resilience, and taking care of your mind in everyday life.</span></p>
<p><span>Rather than feeling overwhelming, the guidance feels calm, approachable, and genuinely helpful—like having supportive advice exactly when you need it most.</span></p>
<p><span>Comforting. Practical. Empowering. 💛</span></p>
<p><span>Perfect for readers interested in mental health, self-growth, emotional healing, and building healthier habits for everyday life.</span></p>
<p><span>🌟 Why you’ll love it:</span></p>
<p><span>• Practical mental health advice that’s easy to apply</span><span><br> </span><span>• Supportive and relatable writing style</span><span><br> </span><span>• Covers anxiety, confidence, stress, motivation, and emotions</span><span><br> </span><span>• Helpful tools for everyday emotional well-being</span><span><br> </span><span>• A comforting self-help book filled with realistic guidance</span></p>
<p><span>📚 Add </span><span>Why Has Nobody Told Me This Before?</span><span> to your collection today and discover practical tools for a calmer, healthier, and more balanced life.</span></p>",Author’s book & bookmarks,Media > Books,,,true,Title,Default Title,,,,,,,,,0.0,shopify,10,deny,manual,649.00,699.00,true,true,,,,,,https://cdn.shopify.com/s/files/1/0967/8818/5393/files/IMG-3929.jpg?v=1779526424,1,Why Has Nobody Told Me This Before? by Julie Smith by Author’s book & bookmarks – book cover,false,Why Has Nobody Told Me This Before? | Author's Book & Bookmarks,Why Has Nobody Told Me This Before? by Julie Smith by Author’s book & bookmarks. Order your copy.,784,,,,,,,,,,,,,,,,,,self-help-personal-development,english,,adults,,adults,,g,,,active
you-can-heal-your-life-by-louise-hay,You Can Heal Your Life by Louise Hay,"<p><span>You Can Heal Your Life by</span></p>
<p><span>Louise Hay</span></p>
<p><span>Step into a life-changing journey of healing, self-love, and transformation with </span><span>You Can Heal Your Life</span><span> — one of the world’s most influential self-help books that inspires readers to change their thoughts and transform their lives ✨🌸</span></p>
<p><span>Through gentle wisdom and empowering insights, Louise Hay explores the deep connection between the mind, emotions, and overall well-being. The book encourages readers to let go of negative thinking, heal emotional wounds, and build a more loving relationship with themselves.</span></p>
<p><span>📖 Warm, uplifting, and deeply comforting, </span><span>You Can Heal Your Life</span><span> offers powerful affirmations, reflections, and practical guidance to help readers overcome fear, self-doubt, guilt, and emotional pain.</span></p>
<p><span>More than just a self-help book, it’s a reminder that healing begins with self-acceptance, compassion, and the belief that positive change is possible.</span></p>
<p><span>Healing. Empowering. Transformative. 💖</span></p>
<p><span>Perfect for readers interested in self-growth, emotional healing, mindfulness, and positive living.</span></p>
<p><span>🌟 Why you’ll love it:</span></p>
<p><span>• Inspiring and emotionally uplifting guidance</span><span><br> </span><span>• Focuses on self-love, healing, and positive thinking</span><span><br> </span><span>• Includes affirmations and practical life lessons</span><span><br> </span><span>• Encourages emotional growth and inner peace</span><span><br> </span><span>• A timeless self-help classic loved worldwide</span></p>
<p><span>📚 Add </span><span>You Can Heal Your Life</span><span> to your collection today and begin a beautiful journey toward healing, positivity, and self-discovery.</span></p>",Author’s book & bookmarks,Media > Books,,,true,Title,Default Title,,,,,,,,,0.0,shopify,10,deny,manual,599.00,,true,true,,,,,,https://cdn.shopify.com/s/files/1/0967/8818/5393/files/IMG-3927_e9913d79-3140-4fcb-9580-95f749fefe2a.jpg?v=1779525939,1,You Can Heal Your Life by Louise Hay by Author’s book & bookmarks – book cover,false,You Can Heal Your Life by Louise Hay | Author's Book & Bookmarks,You Can Heal Your Life by Louise Hay by Author’s book & bookmarks. Order your copy.,784,,,,,,,,,,,,,,,,,,,,,,,,,g,,,active
talk-like-ted-by-carmine-gallo,Talk Like TED by Carmine Gallo,"<p><span>Talk Like TED by </span><span>Carmine Gallo</span></p>
<p> </p>
<p><span>Step into the world of powerful communication and inspiring storytelling with </span><span>Talk Like TED</span><span> — a practical and motivating guide that reveals the secrets behind the world’s most successful and memorable TED Talks 🎤✨</span></p>
<p> </p>
<p><span>Drawing lessons from some of the most influential speakers and presentations, Carmine Gallo explores how passion, storytelling, confidence, and authenticity can transform the way we communicate ideas.</span></p>
<p> </p>
<p><span>📖 Insightful, engaging, and easy to understand, this book breaks down the techniques used by great speakers to capture attention, inspire audiences, and deliver messages that truly connect.</span></p>
<p> </p>
<p><span>Whether you’re speaking in public, creating content, leading a business, or simply wanting to communicate better, </span><span>Talk Like TED</span><span> offers valuable lessons that can help you speak with clarity and impact.</span></p>
<p> </p>
<p><span>Inspiring. Practical. Powerful. 💡</span></p>
<p> </p>
<p><span>Perfect for readers interested in self-growth, public speaking, communication skills, leadership, and personal development.</span></p>
<p> </p>
<p><span>🌟 Why you’ll love it:</span></p>
<p> </p>
<p><span>• Practical tips for confident and impactful communication</span></p>
<p><span>• Explores storytelling, presentation, and speaking techniques</span></p>
<p><span>• Easy-to-read and highly motivating writing style</span></p>
<p><span>• Inspired by successful TED Talks and speakers</span></p>
<p><span>• Helps improve confidence, communication, and influence</span></p>
<p> </p>
<p><span>📚 Add </span><span>Talk Like TED</span><span> to your collection today and learn how to communicate ideas in a way that inspires, connects, and leaves a lasting impression.</span></p>",Author’s book & bookmarks,Media > Books,,,true,Title,Default Title,,,,,,,,,0.0,shopify,0,deny,manual,599.00,650.00,true,true,,,,,,https://cdn.shopify.com/s/files/1/0967/8818/5393/files/IMG-3926.jpg?v=1779525510,1,Talk Like TED by Carmine Gallo by Author’s book & bookmarks – book cover,false,Talk Like TED by Carmine Gallo | Author's Book & Bookmarks,Talk Like TED by Carmine Gallo by Author’s book & bookmarks. Order your copy.,784,,,,,,,,,,,,,,,,,,,,,,,,,g,,,active
meditations-by-marcus-aurelius,Meditations by Marcus Aurelius,"<p><span>Meditations by</span></p>
<p><span>Marcus Aurelius</span></p>
<p><span>Step into one of the most influential and timeless works of philosophy with </span><span>Meditations</span><span> — a powerful collection of personal reflections on discipline, purpose, resilience, and the art of living wisely 🏛️✨</span></p>
<p><span>Written by Roman emperor Marcus Aurelius, this remarkable book offers deeply thoughtful insights on handling life’s challenges with calmness, strength, and clarity. Through simple yet profound reflections, he explores human nature, self-control, morality, and inner peace.</span></p>
<p><span>📖 Honest, wise, and deeply introspective, </span><span>Meditations</span><span> is not just a philosophy book—it’s a guide to navigating life with patience, courage, humility, and resilience.</span></p>
<p><span>Despite being written centuries ago, its lessons about emotions, hardships, ambition, and personal growth remain incredibly relevant even today.</span></p>
<p><span>Wise. Reflective. Timeless. 🌙</span></p>
<p><span>Perfect for readers who enjoy philosophy, self-growth, stoicism, and books that inspire deeper thinking and personal strength.</span></p>
<p><span>🌟 Why you’ll love it:</span></p>
<p><span>• Timeless wisdom and practical life lessons</span><span><br> </span><span>• Explores discipline, resilience, and inner peace</span><span><br> </span><span>• Thought-provoking and deeply reflective writing</span><span><br> </span><span>• A foundational classic of Stoic philosophy</span><span><br> </span><span>• Inspires calmness, clarity, and self-improvement</span></p>
<p><span>📚 Add </span><span>Meditations</span><span> to your collection today and discover a timeless guide to strength, wisdom, and living a meaningful life.</span></p>",Author’s book & bookmarks,Media > Books,,,true,Title,Default Title,,,,,,,,,0.0,shopify,0,deny,manual,599.00,,true,true,,,,,,https://cdn.shopify.com/s/files/1/0967/8818/5393/files/IMG-3925.jpg?v=1779525297,1,Meditations by Marcus Aurelius by Author’s book & bookmarks – book cover,false,Meditations by Marcus Aurelius | Author's Book & Bookmarks,Meditations by Marcus Aurelius by Author’s book & bookmarks. Add to your reading list.,784,,,,,,,,,,,,,,,,,,,,,,,,,g,,,active
kaifiyat-verses-on-love-and-women-by-kaifi-azmi,Kaifiyat: Verses on Love and Women by Kaifi Azmi,"<p><span>Kaifiyat: Verses on Love and Women by </span><span>Kaifi Azmi</span></p>
<p> </p>
<p><span>Step into a world of timeless poetry and profound emotions with </span><span>Kaifiyat</span><span> — a beautiful collection of verses that explores love, womanhood, longing, strength, and the many shades of human emotion 🌙✨</span></p>
<p> </p>
<p><span>Written by the legendary poet Kaifi Azmi, these poems blend romance, sensitivity, social awareness, and emotional depth with breathtaking simplicity and elegance.</span></p>
<p> </p>
<p><span>📖 Thoughtful, passionate, and deeply lyrical, </span><span>Kaifiyat</span><span> captures the beauty of love and the resilience of women through poetry that feels both intimate and powerful.</span></p>
<p> </p>
<p><span>Every verse carries warmth, longing, tenderness, and reflection, making this collection an unforgettable reading experience for lovers of poetry and literature.</span></p>
<p> </p>
<p><span>Soulful. Elegant. Timeless. 🖤</span></p>
<p> </p>
<p><span>Perfect for readers who enjoy Urdu poetry, literary classics, romantic verses, and emotionally rich writing filled with meaning and beauty.</span></p>
<p> </p>
<p><span>🌟 Why you’ll love it:</span></p>
<p> </p>
<p><span>• Beautifully written poetry filled with emotion and depth</span></p>
<p><span>• Explores love, women, longing, and human connection</span></p>
<p><span>• Lyrical, reflective, and deeply meaningful verses</span></p>
<p><span>• Timeless literary beauty from Kaifi Azmi</span></p>
<p><span>• A soulful collection that stays with readers forever</span></p>
<p> </p>
<p><span>📚 Add </span><span>Kaifiyat</span><span> to your collection today and immerse yourself in the timeless beauty of poetry, love, and human emotion.</span></p>",Author’s book & bookmarks,Media > Books,,,true,Title,Default Title,,,,,,,,,0.0,shopify,0,deny,manual,399.00,,true,true,,,,,,https://cdn.shopify.com/s/files/1/0967/8818/5393/files/IMG-3924.jpg?v=1779485846,1,Kaifiyat: Verses on Love and Women by Kaifi Azmi by Author’s book & bookmarks – book cover,false,Kaifiyat: Verses on Love and Women | Author's Book & Bookmarks,Kaifiyat: Verses on Love and Women by Kaifi Azmi by Author’s book & bookmarks. Add this collection to your shelf.,784,,,,,,,,,,,,,,,,,,,,,,,,,g,,,active
tagore-the-world-voyager,Tagore: The World Voyager,"<p><span>Tagore: The World Voyager by </span><span>Rabindranath Tagore</span></p>
<p> </p>
<p><span>Step into the extraordinary life and journey of one of the world’s greatest literary and cultural icons with </span><span>Tagore: The World Voyager</span><span> — a fascinating exploration of Rabindranath Tagore’s ideas, travels, creativity, and global influence 🌏✨</span></p>
<p> </p>
<p><span>This insightful book captures how Tagore’s thoughts, poetry, philosophy, and vision crossed borders and connected cultures across the world. From literature and music to education, nationalism, and humanism, his ideas continue to inspire generations even today.</span></p>
<p> </p>
<p><span>📖 Rich in history, culture, and intellectual depth, the book explores Tagore not just as a poet, but as a thinker, traveler, philosopher, and visionary who believed in humanity beyond boundaries.</span></p>
<p> </p>
<p><span>Thought-provoking and inspiring, </span><span>Tagore: The World Voyager</span><span> offers readers a deeper understanding of the man whose words transformed literature and global thought.</span></p>
<p> </p>
<p><span>Insightful. Elegant. Timeless. 🌙</span></p>
<p> </p>
<p><span>Perfect for readers who enjoy biographies, literature, history, philosophy, and books about influential cultural figures.</span></p>
<p> </p>
<p><span>🌟 Why you’ll love it:</span></p>
<p> </p>
<p><span>• Explores the life and global influence of Rabindranath Tagore</span></p>
<p><span>• Rich blend of literature, history, and philosophy</span></p>
<p><span>• Thought-provoking and beautifully informative</span></p>
<p><span>• Inspiring insights into Tagore’s vision and ideas</span></p>
<p><span>• A meaningful read for lovers of culture and literature</span></p>
<p> </p>
<p><span>📚 Add </span><span>Tagore: The World Voyager</span><span> to your collection today and discover the remarkable journey of a literary genius who connected the world through words and ideas.</span></p>",Author’s book & bookmarks,Media > Books,,,true,Title,Default Title,,,,,,,,,0.0,shopify,10,deny,manual,199.00,,true,true,,,,,,https://cdn.shopify.com/s/files/1/0967/8818/5393/files/IMG-3923.jpg?v=1779485653,1,Tagore: The World Voyager by Author’s book & bookmarks – book cover,false,Tagore: The World Voyager | Author's Book & Bookmarks,Tagore: The World Voyager by Author’s book & bookmarks. Order your copy.,784,,,,,,,,,,,,,,,,,,,,,,,,,g,,,active
girl-to-goddess-by-nishi,Girl to Goddess by Nishi,"<p><span>Girl to Goddess by </span><span>Nishi</span></p>
<p> </p>
<p><span>Step into a transformative journey with </span><span>Girl to Goddess</span><span> — an empowering and deeply reflective book about self-discovery, self-love, healing, and embracing your true worth ✨🌙</span></p>
<p> </p>
<p><span>Written with warmth and honesty, this inspiring book encourages readers to reconnect with themselves, let go of self-doubt, and step into their strength with confidence and grace.</span></p>
<p> </p>
<p><span>📖 Through thoughtful insights and emotional reflections, </span><span>Girl to Goddess</span><span> explores themes of personal growth, feminine energy, healing, confidence, and learning to love yourself unapologetically.</span></p>
<p> </p>
<p><span>More than just a book, it feels like a gentle reminder that growth begins the moment you choose yourself.</span></p>
<p> </p>
<p><span>Empowering. Healing. Inspiring. 💛</span></p>
<p> </p>
<p><span>Perfect for readers who enjoy self-help, motivational books, and journeys of emotional healing and self-worth.</span></p>
<p> </p>
<p><span>🌟 Why you’ll love it:</span></p>
<p> </p>
<p><span>• Inspiring and emotionally uplifting writing</span></p>
<p><span>• Focuses on self-love, confidence, and inner healing</span></p>
<p><span>• Encourages growth, empowerment, and self-worth</span></p>
<p><span>• Thoughtful reflections that feel personal and relatable</span></p>
<p><span>• A comforting and motivating read for every woman</span></p>
<p> </p>
<p><span>📚 Add </span><span>Girl to Goddess</span><span> to your collection today and begin a beautiful journey toward self-love, strength, and becoming your most empowered self.</span></p>",Author’s book & bookmarks,Media > Books,,,true,Title,Default Title,,,,,,,,,0.0,shopify,10,deny,manual,299.00,,true,true,,,,,,https://cdn.shopify.com/s/files/1/0967/8818/5393/files/IMG-3922.jpg?v=1779485416,1,Girl to Goddess by Nishi by Author’s book & bookmarks – book cover,false,Girl to Goddess by Nishi | Author's Book & Bookmarks,Girl to Goddess by Nishi by Author’s book & bookmarks. Order your copy.,784,,,,,,,,,,,,,,,,,,,,,,,,,g,,,active
triveni-by-gulzar,Triveni by Gulzar,"<p><span>Triveni by </span><span>Gulzar</span></p>
<p> </p>
<p><span>Step into a world of delicate emotions and profound simplicity with </span><span>Triveni</span><span> — a beautiful collection of short poetic verses by Gulzar that capture love, loneliness, memories, relationships, and the quiet truths of life 🌙✨</span></p>
<p> </p>
<p><span>Known for his signature lyrical style, Gulzar weaves deep emotions into just a few lines, creating poetry that feels intimate, thoughtful, and unforgettable. Each </span><span>Triveni</span><span> carries layered meanings—simple on the surface yet deeply impactful at heart.</span></p>
<p> </p>
<p><span>📖 Gentle, reflective, and emotionally rich, this collection explores everyday feelings, human connections, longing, heartbreak, and moments often left unspoken.</span></p>
<p> </p>
<p><span>Through minimal words and powerful imagery, Gulzar creates poetry that stays with readers long after the page is turned.</span></p>
<p> </p>
<p><span>Poetic. Soulful. Timeless. 🖤</span></p>
<p> </p>
<p><span>Perfect for readers who enjoy poetry, Urdu/Hindi literature, reflective writing, and emotionally meaningful verses.</span></p>
<p> </p>
<p><span>🌟 Why you’ll love it:</span></p>
<p> </p>
<p><span>• Beautifully crafted short poetic verses</span></p>
<p><span>• Deep emotions expressed with simplicity and elegance</span></p>
<p><span>• Explores love, memories, loneliness, and life</span></p>
<p><span>• Thought-provoking and emotionally resonant writing</span></p>
<p><span>• A timeless collection by one of India’s most loved poets</span></p>
<p> </p>
<p><span>📚 Add </span><span>Triveni</span><span> to your collection today and immerse yourself in Gulzar’s world of emotions, poetry, and beautifully unspoken feelings.</span></p>",Author’s book & bookmarks,Media > Books,,,true,Title,Default Title,,,,,,,,,0.0,shopify,0,deny,manual,699.00,,true,true,,,,,,https://cdn.shopify.com/s/files/1/0967/8818/5393/files/IMG-3921.jpg?v=1779485230,1,Triveni by Gulzar by Author’s book & bookmarks – book cover,false,Triveni by Gulzar | Author's Book & Bookmarks,Triveni by Gulzar by Author’s book & bookmarks. Add this collection to your shelf.,784,,,,,,,,,,,,,,,,,,literature,english,,adults,,adults,,g,,,active
made-of-rivers-by-emory-hall,Made of Rivers by Emory Hall,"<p><span>Made of Rivers by </span><span>Emory Hall</span></p>
<p> </p>
<p><span>Step into a deeply emotional and beautifully woven story with </span><span>Made of Rivers</span><span> — a heartfelt novel about love, loss, healing, and the invisible currents that connect people across time and pain 🌊✨</span></p>
<p> </p>
<p><span>Through lyrical storytelling and emotionally rich moments, the novel explores the ways memories, relationships, and personal struggles shape the human heart. Like rivers finding their course, the characters navigate grief, longing, hope, and the search for belonging.</span></p>
<p> </p>
<p><span>📖 Tender, reflective, and deeply immersive, </span><span>Made of Rivers</span><span> captures the quiet beauty of vulnerability and the resilience required to move forward after heartbreak and change.</span></p>
<p> </p>
<p><span>Filled with emotional depth and poetic atmosphere, this story lingers long after the final page.</span></p>
<p> </p>
<p><span>Gentle. Heartbreaking. Beautiful. 🌙</span></p>
<p> </p>
<p><span>Perfect for readers who enjoy literary fiction, emotional storytelling, and deeply human narratives about healing, love, and self-discovery.</span></p>
<p> </p>
<p><span>🌟 Why you’ll love it:</span></p>
<p> </p>
<p><span>• Lyrical and emotionally powerful writing</span></p>
<p><span>• Explores love, grief, healing, and connection</span></p>
<p><span>• Atmospheric storytelling filled with depth and emotion</span></p>
<p><span>• Thoughtful and deeply relatable characters</span></p>
<p><span>• A moving and unforgettable reading experience</span></p>
<p> </p>
<p><span>📚 Add </span><span>Made of Rivers</span><span> to your collection today and experience a soulful story about emotions, resilience, and the journey of finding yourself again.</span></p>",Author’s book & bookmarks,Media > Books,,,true,Title,Default Title,,,,,,,,,0.0,shopify,10,deny,manual,249.00,,true,true,,,,,,https://cdn.shopify.com/s/files/1/0967/8818/5393/files/IMG-3919.jpg?v=1779484926,1,Made of Rivers by Emory Hall by Author’s book & bookmarks – book cover,false,Made of Rivers by Emory Hall | Author's Book & Bookmarks,Made of Rivers by Emory Hall by Author’s book & bookmarks. Order your copy.,784,,,,,,,,,,,,,,,,,,,,,,,,,g,,,active
the-yellow-metaphor-poems-from-assam-by-jiban-narah,The Yellow Metaphor: Poems from Assam by Jiban Narah,"<p><span>The Yellow Metaphor: Poems from Assam by </span><span>Jiban Narah</span></p>
<p> </p>
<p><span>Step into a deeply lyrical and evocative collection with </span><span>The Yellow Metaphor: Poems from Assam</span><span> — a beautiful gathering of poems that captures nature, memory, longing, identity, and the spirit of Assam through powerful and intimate verse 🌼✨</span></p>
<p> </p>
<p><span>Rooted in culture, emotions, and lived experiences, these poems explore the beauty and struggles of everyday life while painting vivid images of landscapes, relationships, traditions, and human emotions.</span></p>
<p> </p>
<p><span>📖 Gentle yet deeply moving, the collection blends simplicity with emotional depth, allowing readers to feel the rhythms of life, loss, hope, and belonging through poetic storytelling.</span></p>
<p> </p>
<p><span>Translated with sensitivity and care, the poems preserve the soul of Assamese literature while making it accessible to a wider audience.</span></p>
<p> </p>
<p><span>Poetic. Reflective. Soulful. 🌙</span></p>
<p> </p>
<p><span>Perfect for readers who enjoy modern poetry, regional literature, and emotionally rich writing inspired by culture, nature, and human experiences.</span></p>
<p> </p>
<p><span>🌟 Why you’ll love it:</span></p>
<p> </p>
<p><span>• Beautifully written poems filled with emotion and imagery</span></p>
<p><span>• Celebrates Assamese culture, life, and identity</span></p>
<p><span>• Thoughtful reflections on love, memory, and belonging</span></p>
<p><span>• Gentle, lyrical, and deeply atmospheric writing</span></p>
<p><span>• A meaningful poetry collection that stays with you</span></p>
<p> </p>
<p><span>📚 Add </span><span>The Yellow Metaphor</span><span> to your collection today and immerse yourself in a soulful poetic journey through emotions, landscapes, and memories from Assam.</span></p>",Author’s book & bookmarks,Media > Books,,,true,Title,Default Title,,,,,,,,,0.0,shopify,10,deny,manual,399.00,450.00,true,true,,,,,,https://cdn.shopify.com/s/files/1/0967/8818/5393/files/IMG-3918.jpg?v=1779484657,1,The Yellow Metaphor: Poems from Assam by Jiban Narah by Author’s book & bookmarks – book cover,false,The Yellow Metaphor: Poems from | Author's Book & Bookmarks,The Yellow Metaphor: Poems from Assam by Jiban Narah by Author’s book & bookmarks. Add this collection to your shelf.,784,,,,,,,,,,,,,,,,,,,,,,,,,g,,,active
restless-lives-by-harish-bhat,Restless Lives by Harish Bhat,"<p><span>Restless Lives by</span></p>
<p><span>Harish Bhat</span></p>
<p><span>Step into a deeply reflective and emotionally stirring collection with </span><span>Restless Lives</span><span> — a powerful book of poems that explores longing, identity, love, loneliness, memories, and the quiet emotions that shape human life 🌙✨</span></p>
<p><span>Through thoughtful and beautifully crafted poetry, Harish Bhat captures the restlessness of the human heart—the constant search for meaning, connection, belonging, and peace in a rapidly changing world.</span></p>
<p><span>📖 Honest, lyrical, and deeply personal, these poems move through themes of relationships, dreams, loss, ambition, and self-discovery with simplicity and emotional depth.</span></p>
<p><span>Each piece feels intimate and relatable, offering moments of reflection that stay with readers long after the final page.</span></p>
<p><span>Poetic. Emotional. Soulful. 🖤</span></p>
<p><span>Perfect for readers who enjoy modern poetry, introspective writing, and emotionally resonant books that speak to the heart.</span></p>
<p><span>🌟 Why you’ll love it:</span></p>
<p><span>• Beautifully written and emotionally rich poetry</span><span><br> </span><span>• Explores love, loneliness, identity, and human emotions</span><span><br> </span><span>• Thoughtful and deeply relatable reflections</span><span><br> </span><span>• Simple yet impactful writing style</span><span><br> </span><span>• A calming and meaningful reading experience</span></p>
<p><span>📚 Add </span><span>Restless Lives</span><span> to your collection today and immerse yourself in a moving journey through emotions, memories, and the restless nature of life.</span></p>",Author’s book & bookmarks,Media > Books,,,true,Title,Default Title,,,,,,,,,0.0,shopify,10,deny,manual,349.00,399.00,true,true,,,,,,https://cdn.shopify.com/s/files/1/0967/8818/5393/files/IMG-3917.jpg?v=1779484475,1,Restless Lives by Harish Bhat by Author’s book & bookmarks – book cover,false,Restless Lives by Harish Bhat | Author's Book & Bookmarks,Restless Lives by Harish Bhat by Author’s book & bookmarks. Order your copy.,784,,,,,,,,,,,,,,,,,,,,,,,,,g,,,active
nalanda-how-it-changed-the-world-by-abhay-k,Nalanda: How It Changed the World by Abhay K.,"<p><span>Nalanda: How It Changed the World by</span></p>
<p><span>Abhay K.</span></p>
<p><span>Step into the extraordinary history of one of the world’s greatest ancient centers of learning with </span><span>Nalanda: How It Changed the World</span><span> — a fascinating and deeply researched exploration of the legendary Nalanda Mahavihara 📚✨</span></p>
<p><span>Blending history, culture, philosophy, and storytelling, Abhay K. takes readers on a remarkable journey through the rise, glory, destruction, and revival of Nalanda — the ancient university that shaped knowledge, scholarship, and intellectual thought across civilizations. <span class=""Apple-converted-space""> </span></span></p>
<p><span>📖 Rich in historical detail and insight, the book explores the scholars, ideas, traditions, and global influence that made Nalanda one of the most celebrated seats of learning in the world. From philosophy and science to art, mathematics, and spirituality, the story reveals how deeply Nalanda impacted human civilization. <span class=""Apple-converted-space""> </span></span></p>
<p><span>Thought-provoking and inspiring, this book is both a tribute to India’s intellectual heritage and a reminder of the timeless power of knowledge and education.</span></p>
<p><span>Insightful. Powerful. Fascinating. 🌏</span></p>
<p><span>Perfect for readers who enjoy history, culture, philosophy, and nonfiction that uncovers forgotten stories of the past.</span></p>
<p><span>🌟 Why you’ll love it:</span></p>
<p><span>• Deeply researched and engaging historical narrative</span><span><br> </span><span>• Explores the rise and legacy of ancient Nalanda University</span><span><br> </span><span>• Covers philosophy, science, culture, and global learning history</span><span><br> </span><span>• Inspiring blend of history and storytelling</span><span><br> </span><span>• A compelling read about knowledge, civilization, and heritage</span></p>
<p><span>📚 Add </span><span>Nalanda: How It Changed the World</span><span> to your collection today and discover the incredible story of the ancient university that shaped intellectual history across the world.</span></p>",Author’s book & bookmarks,Media > Books,,,true,Title,Default Title,,,,,,,,,0.0,shopify,10,deny,manual,699.00,,true,true,,,,,,https://cdn.shopify.com/s/files/1/0967/8818/5393/files/IMG-3916.jpg?v=1779484209,1,Nalanda: How It Changed the World by Abhay K. by Author’s book & bookmarks – book cover,false,Nalanda: How It Changed the World by | Author's Book & Bookmarks,Nalanda: How It Changed the World by Abhay K. by Author’s book & bookmarks. Order your copy.,784,,,,,,,,,,,,,,,,,,,,,,,,,g,,,active
438-days-by-jonathan-franklin,438 Days by Jonathan Franklin,"<p><span>438 Days by</span></p>
<p><span>Jonathan Franklin</span></p>
<p><span>Step into an extraordinary true story of survival, hope, and human endurance with </span><span>438 Days</span><span> — a gripping account of one man’s unbelievable journey lost at sea for over a year 🌊✨</span></p>
<p><span>Based on real events, this powerful narrative follows José Salvador Alvarenga, a fisherman who becomes stranded in the Pacific Ocean after a violent storm leaves him drifting endlessly across open waters. With no rescue in sight, he must battle hunger, isolation, fear, and the overwhelming force of nature just to stay alive.</span></p>
<p><span>📖 Intense, emotional, and impossible to put down, </span><span>438 Days</span><span> explores the limits of human survival and the incredible strength of hope even in the darkest circumstances.</span></p>
<p><span>Through vivid storytelling and real-life detail, the book captures both the physical struggle of survival and the emotional toll of loneliness and uncertainty.</span></p>
<p><span>Gripping. Inspiring. Unforgettable. 🌙</span></p>
<p><span>Perfect for readers who enjoy survival stories, nonfiction adventures, and true stories about resilience and human courage.</span></p>
<p><span>🌟 Why you’ll love it:</span></p>
<p><span>• Based on an astonishing true survival story</span><span><br> </span><span>• Fast-paced and emotionally powerful storytelling</span><span><br> </span><span>• Explores resilience, hope, and human endurance</span><span><br> </span><span>• Filled with suspense, danger, and real-life emotion</span><span><br> </span><span>• An unforgettable nonfiction read that feels unbelievable</span></p>
<p><span>📚 Add </span><span>438 Days</span><span> to your collection today and experience one of the most incredible survival stories ever told.</span></p>",Author’s book & bookmarks,Media > Books,,,true,Title,Default Title,,,,,,,,,0.0,shopify,10,deny,manual,625.00,650.00,true,true,,,,,,https://cdn.shopify.com/s/files/1/0967/8818/5393/files/IMG-3914.jpg?v=1779483858,1,438 Days by Jonathan Franklin by Author’s book & bookmarks – book cover,false,438 Days by Jonathan Franklin | Author's Book & Bookmarks,438 Days by Jonathan Franklin by Author’s book & bookmarks. Order your copy.,784,,,,,,,,,,,,,,,,,,thriller-suspense,english,,adults,,adults,,g,,,active
to-kill-a-mockingbird-by-harper-lee,To Kill a Mockingbird by Harper Lee,"<p><span>To Kill a Mockingbird by </span><span>Harper Lee</span></p>
<p> </p>
<p><span>Step into one of literature’s most powerful and timeless classics with </span><span>To Kill a Mockingbird</span><span> — a deeply moving story about justice, innocence, morality, and the courage to stand for what is right 🖤✨</span></p>
<p> </p>
<p><span>Set in a small Southern town, the novel follows young Scout Finch as she witnesses the complexities of human nature through her father, Atticus Finch—a lawyer defending a man against prejudice and injustice in a deeply divided society.</span></p>
<p> </p>
<p><span>📖 Told through the eyes of childhood innocence, this beautifully written novel explores racism, empathy, compassion, and the loss of innocence with emotional depth and unforgettable storytelling.</span></p>
<p> </p>
<p><span>Both heartbreaking and hopeful, </span><span>To Kill a Mockingbird</span><span> remains one of the most influential and meaningful novels ever written.</span></p>
<p> </p>
<p><span>Powerful. Emotional. Timeless. 🌙</span></p>
<p> </p>
<p><span>Perfect for readers who enjoy classic literature, socially relevant stories, and emotionally rich narratives that leave a lasting impact.</span></p>
<p> </p>
<p><span>🌟 Why you’ll love it:</span></p>
<p> </p>
<p><span>• A timeless and deeply meaningful literary classic</span></p>
<p><span>• Explores justice, morality, and human compassion</span></p>
<p><span>• Features unforgettable characters and emotional storytelling</span></p>
<p><span>• Thought-provoking themes that remain relevant today</span></p>
<p><span>• A beautifully written story that stays with you forever</span></p>
<p> </p>
<p><span>📚 Add </span><span>To Kill a Mockingbird</span><span> to your collection today and experience a remarkable story about courage, empathy, and the fight for justice.</span></p>",Author’s book & bookmarks,Media > Books,,,true,Title,Default Title,,,,,,,,,0.0,shopify,10,deny,manual,449.00,499.00,true,true,,,,,,https://cdn.shopify.com/s/files/1/0967/8818/5393/files/IMG-3913.jpg?v=1779483515,1,To Kill a Mockingbird by Harper Lee by Author’s book & bookmarks – book cover,false,To Kill a Mockingbird by Harper Lee | Author's Book & Bookmarks,To Kill a Mockingbird by Harper Lee by Author’s book & bookmarks. Order your copy.,784,,,,,,,,,,,,'1,,,,,,,,,,,,,g,,,active
sweet-bean-paste-by-durian-sukegawa,Sweet Bean Paste by Durian Sukegawa,"<p><span>Sweet Bean Paste by</span></p>
<p><span>Durian Sukegawa</span></p>
<p><span>Step into a gentle and deeply moving story with </span><span>Sweet Bean Paste</span><span> — a beautifully written novel about friendship, loneliness, healing, and the quiet connections that can transform lives 🌸✨</span></p>
<p><span>Set around a small dorayaki shop in Japan, the story follows Sentaro, a man stuck in a routine life, whose world slowly begins to change after meeting Tokue—an elderly woman with a remarkable talent for making sweet bean paste and a painful past hidden behind her warm smile.</span></p>
<p><span>📖 Tender, emotional, and quietly powerful, this novel explores themes of compassion, human dignity, prejudice, and finding meaning in the smallest moments of life.</span></p>
<p><span>Through delicate storytelling and unforgettable characters, </span><span>Sweet Bean Paste</span><span> reminds readers about the importance of listening, kindness, and appreciating the beauty hidden in ordinary days.</span></p>
<p><span>Warm. Comforting. Heartfelt. 🤍</span></p>
<p><span>Perfect for readers who enjoy Japanese literature, slice-of-life fiction, and emotionally gentle stories filled with warmth and reflection.</span></p>
<p><span>🌟 Why you’ll love it:</span></p>
<p><span>• Beautifully simple and emotionally rich storytelling</span><span><br> </span><span>• Explores friendship, healing, and human connection</span><span><br> </span><span>• Cozy Japanese atmosphere and memorable characters</span><span><br> </span><span>• Thought-provoking themes handled with warmth and sensitivity</span><span><br> </span><span>• A comforting and deeply moving reading experience</span></p>
<p><span>📚 Add </span><span>Sweet Bean Paste</span><span> to your collection today and experience a tender story about kindness, acceptance, and the beauty of small moments.</span></p>",Author’s book & bookmarks,Media > Books,,,true,Title,Default Title,,,,,,,,,0.0,shopify,10,deny,manual,549.00,599.00,true,true,,,,,,https://cdn.shopify.com/s/files/1/0967/8818/5393/files/IMG-3907.jpg?v=1779428809,1,Sweet Bean Paste by Durian Sukegawa by Author’s book & bookmarks – book cover,false,Sweet Bean Paste by Durian Sukegawa | Author's Book & Bookmarks,Sweet Bean Paste by Durian Sukegawa by Author’s book & bookmarks. Order your copy.,784,,,,,,,,,,,,,,,,,,literature; book,english,,adults,,adults,,g,,,active
good-and-evil-and-other-stories-by-samanta-schweblin,Good and Evil and Other Stories by Samanta Schweblin,"<p><span>Good and Evil and Other Stories by</span></p>
<p><span>Samanta Schweblin</span></p>
<p><span>Step into a strange, haunting, and deeply unsettling world with </span><span>Good and Evil and Other Stories</span><span> — a mesmerizing collection that blurs the line between reality, fear, desire, and the unknown 🌙✨</span></p>
<p><span>Through sharp and atmospheric storytelling, Samanta Schweblin creates stories where ordinary moments slowly twist into something eerie, emotional, and unforgettable. Each tale explores human relationships, loneliness, obsession, vulnerability, and the quiet darkness hidden beneath everyday life.</span></p>
<p><span>📖 Disturbing yet deeply compelling, these stories pull readers into surreal situations filled with tension, mystery, and psychological depth. The writing is subtle, powerful, and impossible to forget.</span></p>
<p><span>Every story leaves behind questions, emotions, and an unsettling feeling that lingers long after the final page.</span></p>
<p><span>Dark. Strange. Brilliant. 🖤</span></p>
<p><span>Perfect for readers who enjoy literary fiction, psychological storytelling, surreal narratives, and short stories that challenge and surprise you.</span></p>
<p><span>🌟 Why you’ll love it:</span></p>
<p><span>• Atmospheric and psychologically intense storytelling</span><span><br> </span><span>• Blends realism with unsettling surreal elements</span><span><br> </span><span>• Explores fear, desire, loneliness, and human nature</span><span><br> </span><span>• Sharp, haunting, and emotionally layered writing</span><span><br> </span><span>• A unique short story collection that stays with you</span></p>
<p><span>📚 Add </span><span>Good and Evil and Other Stories</span><span> to your collection today and experience a haunting literary journey unlike any other.</span></p>",Author’s book & bookmarks,Media > Books,,,true,Title,Default Title,,,,,,,,,0.0,shopify,10,deny,manual,649.00,699.00,true,true,,,,,,https://cdn.shopify.com/s/files/1/0967/8818/5393/files/IMG-3905.jpg?v=1779428431,1,Good and Evil and Other Stories by Samanta Schweblin by Author’s book & bookmarks – book cover,false,Good and Evil and Other Stories by | Author's Book & Bookmarks,Good and Evil and Other Stories by Samanta Schweblin by Author’s book & bookmarks. Order your copy.,784,,,,,,,,,,,,,,,,,,,,,,,,,g,,,active
collected-short-stories-by-ruskin-bond,Collected Short Stories by Ruskin Bond,"<p><span>Collected Short Stories by </span><span>Ruskin Bond</span></p>
<p> </p>
<p><span>Step into a warm, nostalgic, and beautifully simple world with </span><span>Collected Short Stories</span><span> — a timeless collection of tales that capture the beauty of nature, human emotions, childhood memories, and everyday life 🌿📖</span></p>
<p> </p>
<p><span>Through gentle storytelling and vivid observations, Ruskin Bond brings alive quiet hill stations, lonely travelers, mischievous children, unexpected friendships, and the small moments that often leave the deepest impact.</span></p>
<p> </p>
<p><span>📖 Filled with warmth, humor, emotion, and simplicity, these stories beautifully explore love, loneliness, adventure, kindness, and the charm of ordinary life.</span></p>
<p> </p>
<p><span>Whether heartwarming, reflective, or quietly emotional, every story carries Ruskin Bond’s signature style—comforting, atmospheric, and deeply human.</span></p>
<p> </p>
<p><span>Cozy. Timeless. Heartfelt. ✨</span></p>
<p> </p>
<p><span>Perfect for readers who enjoy short stories, Indian literature, nature writing, and comforting reads filled with emotion and nostalgia.</span></p>
<p> </p>
<p><span>🌟 Why you’ll love it:</span></p>
<p> </p>
<p><span>• Beautifully simple and comforting storytelling</span></p>
<p><span>• Captures nature, childhood, and human emotions perfectly</span></p>
<p><span>• Easy-to-read yet deeply meaningful stories</span></p>
<p><span>• Filled with warmth, nostalgia, and gentle humor</span></p>
<p><span>• A timeless collection for readers of all ages</span></p>
<p> </p>
<p><span>📚 Add </span><span>Collected Short Stories</span><span> to your collection today and lose yourself in the magical, comforting world of Ruskin Bond.</span></p>",Author’s book & bookmarks,Media > Books,,,true,Title,Default Title,,,,,,,,,0.0,shopify,10,deny,manual,549.00,599.00,true,true,,,,,,https://cdn.shopify.com/s/files/1/0967/8818/5393/files/IMG-3904.jpg?v=1779428207,1,Collected Short Stories by Ruskin Bond by Author’s book & bookmarks – book cover,false,Collected Short Stories by Ruskin | Author's Book & Bookmarks,Collected Short Stories by Ruskin Bond by Author’s book & bookmarks. Add to your Indian literature collection.,784,,,,,,,,,,,,,,,,,,,,,,,,,g,,,active
animal-farm-by-george-orwell,Animal Farm by George Orwell,"<p><span>Animal Farm by</span></p>
<p><span>George Orwell</span></p>
<p><span>Step into a sharp, powerful, and unforgettable classic with </span><span>Animal Farm</span><span> — a brilliantly written allegorical novel that explores power, corruption, inequality, and the dangers of blind obedience 🐖✨</span></p>
<p><span>What begins as a rebellion for freedom and equality on a small farm slowly transforms into something far darker as power starts to change those who once promised justice.</span></p>
<p><span>📖 Simple in language yet deeply meaningful, </span><span>Animal Farm</span><span> uses animals and farm life to reveal complex truths about politics, leadership, manipulation, and human nature.</span></p>
<p><span>Through satire, symbolism, and unforgettable storytelling, George Orwell creates a timeless narrative that remains just as relevant and thought-provoking today.</span></p>
<p><span>Powerful. Intelligent. Timeless. 🖤</span></p>
<p><span>Perfect for readers who enjoy classic literature, political fiction, and stories filled with symbolism and deeper meaning.</span></p>
<p><span>🌟 Why you’ll love it:</span></p>
<p><span>• A timeless and thought-provoking literary classic</span><span><br> </span><span>• Sharp political satire with powerful symbolism</span><span><br> </span><span>• Explores power, control, corruption, and equality</span><span><br> </span><span>• Easy to read yet deeply impactful</span><span><br> </span><span>• A short but unforgettable story that stays relevant forever</span></p>
<p><span>📚 Add </span><span>Animal Farm</span><span> to your collection today and experience one of the most influential and powerful classics ever written.</span></p>",Author’s book & bookmarks,Media > Books,,,true,Title,Default Title,,,,,,,,,0.0,shopify,10,deny,manual,199.00,,true,true,,,,,,https://cdn.shopify.com/s/files/1/0967/8818/5393/files/IMG-3903.jpg?v=1779428017,1,Animal Farm by George Orwell by Author’s book & bookmarks – book cover,false,Animal Farm by George Orwell | Author's Book & Bookmarks,Animal Farm by George Orwell by Author’s book & bookmarks. Order your copy.,784,,,,,,,,,,,,,,,,,,,,,,,,,g,,,active
untitled-may22_02-22-14,Lajja by Taslima Nasrin,"<p><span>Lajja by</span></p>
<p><span>Taslima Nasrin</span></p>
<p><span>Step into a powerful and deeply unsettling story with </span><span>Lajja</span><span> — a bold novel that explores identity, religion, fear, humanity, and the devastating impact of communal violence on ordinary lives 🖤✨</span></p>
<p><span>Set during a time of political and social unrest, the story follows a family struggling to survive as hatred, discrimination, and tension begin to consume the world around them. Through emotional storytelling and raw realism, the novel reveals how quickly fear and division can destroy peace, relationships, and a sense of belonging.</span></p>
<p><span>📖 Honest, intense, and thought-provoking, </span><span>Lajja</span><span> fearlessly examines themes of freedom, intolerance, humanity, and survival in a deeply divided society.</span></p>
<p><span>More than just a political novel, this is a deeply human story about pain, resilience, and the emotional cost of hatred.</span></p>
<p><span>Bold. Emotional. Unforgettable. 🌙</span></p>
<p><span>Perfect for readers who enjoy literary fiction, socially relevant narratives, and books that challenge perspectives while exploring complex human realities.</span></p>
<p><span>🌟 Why you’ll love it:</span></p>
<p><span>• Powerful and emotionally impactful storytelling</span><span><br> </span><span>• Explores religion, identity, and social conflict</span><span><br> </span><span>• Thought-provoking and deeply relevant themes</span><span><br> </span><span>• Raw, realistic, and emotionally intense narrative</span><span><br> </span><span>• A courageous literary work that leaves a lasting impact</span></p>
<p><span>📚 Add </span><span>Lajja</span><span> to your collection today and experience a gripping story about humanity, fear, and the search for dignity in difficult times.</span></p>",Author’s book & bookmarks,Media > Books,,,true,Title,Default Title,,,,,,,,,0.0,shopify,10,deny,manual,399.00,,true,true,,,,,,https://cdn.shopify.com/s/files/1/0967/8818/5393/files/IMG-3902.jpg?v=1779427723,1,Lajja by Taslima Nasrin by Author’s book & bookmarks – book cover,false,Lajja by Taslima Nasrin | Author's Book & Bookmarks,Lajja by Taslima Nasrin by Author’s book & bookmarks. Order your copy.,784,,,,,,,,,,,,,,,,,,,,,,,,,g,,,active
problematic-summer-romance-by-ali-hazelwood,Problematic Summer Romance by Ali Hazelwood,"<p><span>Problematic Summer Romance by</span></p>
<p><span>Ali Hazelwood</span></p>
<p><span>Step into a fun, chaotic, and irresistibly romantic story with </span><span>Problematic Summer Romance</span><span> — a sizzling summer read filled with tension, humor, unexpected feelings, and unforgettable chemistry ☀️💘</span></p>
<p><span>What starts as a complicated situation quickly turns into something far messier when emotions, attraction, and secrets begin to blur the lines between what’s right and what the heart truly wants.</span></p>
<p><span>📖 Packed with witty banter, emotional moments, and slow-burn romance, this novel perfectly captures the excitement and confusion of falling for someone you probably shouldn’t.</span></p>
<p><span>With lovable characters, summer vibes, and emotional depth beneath the humor, </span><span>Problematic Summer Romance</span><span> delivers the perfect balance of romance, drama, and heartwarming moments.</span></p>
<p><span>Flirty. Addictive. Unputdownable. ✨</span></p>
<p><span>Perfect for readers who love contemporary romance, tension-filled chemistry, and stories packed with humor, emotions, and summer chaos.</span></p>
<p><span>🌟 Why you’ll love it:</span></p>
<p><span>• Fun and addictive summer romance vibes</span><span><br> </span><span>• Witty banter and irresistible chemistry</span><span><br> </span><span>• Emotional depth mixed with humor and drama</span><span><br> </span><span>• Perfect slow-burn romantic tension</span><span><br> </span><span>• A binge-worthy and entertaining read</span></p>
<p><span>📚 Add </span><span>Problematic Summer Romance</span><span> to your collection today and dive into a story full of romance, chaos, and unforgettable summer feelings.</span></p>",Author’s book & bookmarks,Media > Books,,,true,Title,Default Title,,,,,,,,,0.0,shopify,10,deny,manual,549.00,599.00,true,true,,,,,,https://cdn.shopify.com/s/files/1/0967/8818/5393/files/IMG-3901.jpg?v=1779396453,1,Problematic Summer Romance by Ali Hazelwood by Author’s book & bookmarks – book cover,false,Problematic Summer Romance by Ali | Author's Book & Bookmarks,Problematic Summer Romance by Ali Hazelwood by Author’s book & bookmarks. Order your copy.,784,,,,,,,,,,,,,,,,,,book,english,,adults,,adults,,g,,,active
untitled-may22_01-36-05,The Ministry of Utmost Happiness by Arundhati Roy,"<p><span>The Ministry of Utmost Happiness by</span></p>
<p><span>Arundhati Roy</span></p>
<p><span>Step into a hauntingly beautiful and deeply layered world with </span><span>The Ministry of Utmost Happiness</span><span> — a powerful novel about love, identity, loss, survival, and the countless lives connected through pain and hope 🖤✨</span></p>
<p><span>Spanning cities, graveyards, political unrest, and personal journeys, this extraordinary story brings together unforgettable characters living on the margins of society—each carrying their own dreams, wounds, and search for belonging.</span></p>
<p><span>📖 Rich, poetic, and emotionally intense, the novel explores themes of freedom, gender, politics, caste, family, and humanity with breathtaking depth and sensitivity.</span></p>
<p><span>Through stunning storytelling and vivid imagery, Arundhati Roy creates a world that feels both heartbreaking and hopeful, revealing beauty even in chaos and suffering.</span></p>
<p><span>Powerful. Poetic. Unforgettable. 🌙</span></p>
<p><span>Perfect for readers who enjoy literary fiction, politically layered narratives, and emotionally profound stories that challenge perspectives and stay with you long after reading.</span></p>
<p><span>🌟 Why you’ll love it:</span></p>
<p><span>• Beautifully written with lyrical and immersive storytelling</span><span><br> </span><span>• Explores identity, love, politics, and human resilience</span><span><br> </span><span>• Features unforgettable and deeply human characters</span><span><br> </span><span>• Emotionally rich and thought-provoking narrative</span><span><br> </span><span>• A powerful literary experience filled with depth and emotion</span></p>
<p><span>📚 Add </span><span>The Ministry of Utmost Happiness</span><span> to your collection today and experience a remarkable story about survival, connection, and finding hope in unexpected places.</span></p>",Author’s book & bookmarks,Media > Books,,,true,Title,Default Title,,,,,,,,,0.0,shopify,10,deny,manual,450.00,,true,true,,,,,,https://cdn.shopify.com/s/files/1/0967/8818/5393/files/IMG-3900.jpg?v=1779395751,1,The Ministry of Utmost Happiness by Arundhati Roy by Author’s book & bookmarks – book cover,false,The Ministry of Utmost Happiness by | Author's Book & Bookmarks,The Ministry of Utmost Happiness by Arundhati Roy by Author’s book & bookmarks. Add to your Indian literature collection.,784,,,,,,,,,,,,,,,,,,,,,,,,,g,,,active
zadi-by-arundhati-roy,zadi by Arundhati Roy,"<p><span>Azadi by</span></p>
<p><span>Arundhati Roy</span></p>
<p><span>Step into a fearless and thought-provoking collection with </span><span>Azadi</span><span> — a powerful work that explores freedom, identity, politics, language, and the realities of contemporary society through sharp insight and deeply reflective writing ✨🖤</span></p>
<p><span>In this compelling collection of essays, Arundhati Roy examines the meaning of “Azadi” — freedom — in a world shaped by inequality, conflict, nationalism, and resistance. Through bold observations and emotionally charged reflections, the book challenges readers to question power, truth, and the systems that shape everyday life.</span></p>
<p><span>📖 Intelligent, passionate, and unapologetically honest, </span><span>Azadi</span><span> blends political commentary with personal reflection, creating a work that feels both urgent and deeply human.</span></p>
<p><span>More than just essays, this book is a conversation about freedom, democracy, art, protest, and the role of voices that refuse to stay silent.</span></p>
<p><span>Bold. Insightful. Powerful. 🌙</span></p>
<p><span>Perfect for readers who enjoy nonfiction, political literature, social commentary, and thought-provoking writing that challenges perspectives.</span></p>
<p><span>🌟 Why you’ll love it:</span></p>
<p><span>• Sharp, fearless, and deeply reflective writing</span><span><br> </span><span>• Explores freedom, politics, identity, and society</span><span><br> </span><span>• Thought-provoking essays filled with powerful insights</span><span><br> </span><span>• Emotionally resonant and intellectually engaging</span><span><br> </span><span>• A compelling read that encourages deeper conversations</span></p>
<p><span>📚 Add </span><span>Azadi</span><span> to your collection today and experience a powerful exploration of freedom, resistance, and the world we live in.</span></p>",Author’s book & bookmarks,Media > Books,,,true,Title,Default Title,,,,,,,,,0.0,shopify,10,deny,manual,449.00,499.00,true,true,,,,,,https://cdn.shopify.com/s/files/1/0967/8818/5393/files/IMG-3899.jpg?v=1779393794,1,zadi by Arundhati Roy by Author’s book & bookmarks – book cover,false,zadi by Arundhati Roy | Author's Book & Bookmarks,zadi by Arundhati Roy by Author’s book & bookmarks. Add to your Indian literature collection.,784,,,,,,,,,,,,,,,,,,,,,,,,,g,,,active
the-girls-are-not-fine-by-harnidh-kaur,The Girls Are Not Fine by Harnidh Kaur,"<p><span>The Girls Are Not Fine by</span></p>
<p><span>Harnidh Kaur</span></p>
<p><span>Step into a bold, emotional, and deeply honest story with </span><span>The Girls Are Not Fine</span><span> — a powerful exploration of friendship, womanhood, heartbreak, ambition, and the hidden struggles behind seemingly perfect lives 🖤✨</span></p>
<p><span>Set against the chaos of modern life and complicated relationships, this novel follows girls trying to survive expectations, emotional wounds, insecurities, and the pressure to keep going even when everything feels overwhelming.</span></p>
<p><span>📖 Raw and painfully relatable, the story captures the realities of mental health, loneliness, love, self-worth, and the complicated bond between women navigating life in a world that constantly demands more from them.</span></p>
<p><span>With sharp writing, emotional depth, and unforgettable moments, </span><span>The Girls Are Not Fine</span><span> feels both intimate and universal—a story that many readers will see pieces of themselves in.</span></p>
<p><span>Vulnerable. Powerful. Unforgettable. 🌙</span></p>
<p><span>Perfect for readers who enjoy contemporary fiction, emotionally intense storytelling, and books that explore identity, healing, and modern womanhood.</span></p>
<p><span>🌟 Why you’ll love it:</span></p>
<p><span>• Emotionally raw and deeply relatable storytelling</span><span><br> </span><span>• Explores friendship, mental health, and self-discovery</span><span><br> </span><span>• Honest portrayal of modern relationships and struggles</span><span><br> </span><span>• Powerful writing filled with emotion and vulnerability</span><span><br> </span><span>• A thought-provoking story that stays with you</span></p>
<p><span>📚 Add </span><span>The Girls Are Not Fine</span><span> to your collection today and experience a moving story about pain, healing, friendship, and learning to survive life’s chaos.</span></p>",Author’s book & bookmarks,Media > Books,,,true,Title,Default Title,,,,,,,,,0.0,shopify,10,deny,manual,449.00,499.00,true,true,,,,,,https://cdn.shopify.com/s/files/1/0967/8818/5393/files/IMG-3898.jpg?v=1779393504,1,The Girls Are Not Fine by Harnidh Kaur by Author’s book & bookmarks – book cover,false,The Girls Are Not Fine by Harnidh | Author's Book & Bookmarks,The Girls Are Not Fine by Harnidh Kaur by Author’s book & bookmarks. Order your copy.,784,,,,,,,,,,,,,,,,,,,,,,,,,g,,,active
the-housemaid-by-freida-mcfadden,The Housemaid by Freida McFadden,"<p><span>The Housemaid by </span><span>Freida McFadden</span></p>
<p> </p>
<p><span>Step into a dark, addictive, and suspense-filled world with </span><span>The Housemaid</span><span> — a gripping psychological thriller packed with secrets, lies, and shocking twists that will keep you turning pages late into the night 🖤🔑</span></p>
<p> </p>
<p><span>When a woman desperate for a fresh start begins working as a housemaid for a wealthy family, everything seems perfect at first. But behind the beautiful house, closed doors hide disturbing secrets, dangerous relationships, and truths far more terrifying than she ever imagined.</span></p>
<p> </p>
<p><span>📖 Fast-paced and intensely gripping, this thriller slowly pulls readers into a web of manipulation, obsession, and psychological tension where nothing—and no one—is what they seem.</span></p>
<p> </p>
<p><span>Every chapter builds suspense, leading to jaw-dropping twists that completely change everything you thought you knew.</span></p>
<p> </p>
<p><span>Dark. Twisted. Impossible to put down. ✨</span></p>
<p> </p>
<p><span>Perfect for readers who love psychological thrillers, suspense novels, and stories filled with shocking reveals and mind-blowing twists.</span></p>
<p> </p>
<p><span>🌟 Why you’ll love it:</span></p>
<p> </p>
<p><span>• Addictive and fast-paced storytelling</span></p>
<p><span>• Full of suspense, secrets, and unexpected twists</span></p>
<p><span>• Keeps you hooked from beginning to end</span></p>
<p><span>• Intense psychological tension and drama</span></p>
<p><span>• Perfect binge-worthy thriller for suspense lovers</span></p>
<p> </p>
<p><span>📚 Add </span><span>The Housemaid</span><span> to your collection today and prepare yourself for a thriller that will keep you guessing until the very last page.</span></p>",Author’s book & bookmarks,Media > Books,,,true,Title,Default Title,,,,,,,,,0.0,shopify,10,deny,manual,550.00,,true,true,,,,,,https://cdn.shopify.com/s/files/1/0967/8818/5393/files/IMG-3895.jpg?v=1779304350,1,The Housemaid by Freida McFadden by Author’s book & bookmarks – book cover,false,The Housemaid by Freida McFadden | Author's Book & Bookmarks,The Housemaid by Freida McFadden by Author’s book & bookmarks. Order your copy.,784,,,,,,,,,,,,,,,,,,,,,,,,,g,,,active
the-last-queen-by-chitra-banerjee-divakaruni,The Last Queen by Chitra Banerjee Divakaruni,"<p><span>The Last Queen by</span></p>
<p><span>Chitra Banerjee Divakaruni</span></p>
<p><span>Step into a magnificent and powerful tale with </span><span>The Last Queen</span><span> — a richly woven historical novel about courage, resilience, love, and the extraordinary life of a woman who rose from humble beginnings to become the queen of a kingdom 👑✨</span></p>
<p><span>Inspired by true history, this captivating story follows Jindan Kaur, a fearless woman who defies societal expectations and fights to protect her people, her son, and her legacy during one of the most turbulent periods in history.</span></p>
<p><span>📖 Filled with political intrigue, emotional depth, betrayal, and strength, the novel beautifully captures the struggles of power, identity, motherhood, and survival in a world dominated by men.</span></p>
<p><span>Through vivid storytelling and unforgettable characters, </span><span>The Last Queen</span><span> brings history alive while celebrating the courage of a woman determined to shape her own destiny.</span></p>
<p><span>Powerful. Emotional. Inspiring. 🖤</span></p>
<p><span>Perfect for readers who enjoy historical fiction, strong female protagonists, and richly detailed stories based on real events.</span></p>
<p><span>🌟 Why you’ll love it:</span></p>
<p><span>• A gripping and beautifully written historical novel</span><span><br> </span><span>• Features a strong and inspiring female lead</span><span><br> </span><span>• Rich in emotion, history, politics, and drama</span><span><br> </span><span>• Explores themes of power, resilience, and motherhood</span><span><br> </span><span>• Based on the remarkable life of a real queen</span></p>
<p><span>📚 Add </span><span>The Last Queen</span><span> to your collection today and experience an unforgettable story of courage, sacrifice, and royal legacy.</span></p>",Author’s book & bookmarks,Media > Books,,,true,Title,Default Title,,,,,,,,,0.0,shopify,10,deny,manual,450.00,,true,true,,,,,,https://cdn.shopify.com/s/files/1/0967/8818/5393/files/IMG-3894.jpg?v=1779304087,1,The Last Queen by Chitra Banerjee Divakaruni by Author’s book & bookmarks – book cover,false,The Last Queen by Chitra Banerjee | Author's Book & Bookmarks,The Last Queen by Chitra Banerjee Divakaruni by Author’s book & bookmarks. Order your copy.,784,,,,,,,,,,,,,,,,,,,,,,,,,g,,,active
the-complex-by-karan-mahajan,The Complex by Karan Mahajan,"<p><span>The Complex by </span><span>Karan Mahajan</span></p>
<p> </p>
<p><span>Step into a sharp, compelling, and deeply layered story with </span><span>The Complex</span><span> — a thought-provoking novel that explores modern urban life, human relationships, ambition, loneliness, and the invisible walls people build around themselves 🏙️✨</span></p>
<p> </p>
<p><span>Set within the confines of a residential complex, the story follows interconnected lives as secrets, desires, frustrations, and emotional struggles slowly begin to surface. Beneath the routines of ordinary life lies a world filled with tension, vulnerability, and the constant search for meaning and connection.</span></p>
<p> </p>
<p><span>📖 Written with insight and emotional depth, Karan Mahajan captures the complexities of contemporary society and the quiet chaos hidden inside everyday lives. Through powerful storytelling and realistic characters, the novel explores themes of class, identity, isolation, and human behavior.</span></p>
<p> </p>
<p><span>Atmospheric and deeply observant, </span><span>The Complex</span><span> offers a haunting reflection on modern existence and the fragile relationships that shape us.</span></p>
<p> </p>
<p><span>Intense. Thought-provoking. Unforgettable. 🖤</span></p>
<p> </p>
<p><span>Perfect for readers who enjoy literary fiction, character-driven narratives, and stories that explore the emotional and social complexities of modern life.</span></p>
<p> </p>
<p><span>🌟 Why you’ll love it:</span></p>
<p> </p>
<p><span>• Sharp and emotionally layered storytelling</span></p>
<p><span>• Realistic, complex, and deeply human characters</span></p>
<p><span>• Explores identity, loneliness, ambition, and society</span></p>
<p><span>• Atmospheric writing with psychological depth</span></p>
<p><span>• A powerful literary read that stays with you</span></p>
<p> </p>
<p><span>📚 Add </span><span>The Complex</span><span> to your collection today and experience a compelling story about modern life, human connection, and the emotions hidden beneath the surface.</span></p>",Author’s book & bookmarks,Media > Books,,,true,Title,Default Title,,,,,,,,,0.0,shopify,10,deny,manual,749.00,799.00,true,true,,,,,,https://cdn.shopify.com/s/files/1/0967/8818/5393/files/IMG-3893.jpg?v=1779303823,1,The Complex by Karan Mahajan by Author’s book & bookmarks – book cover,false,The Complex by Karan Mahajan | Author's Book & Bookmarks,The Complex by Karan Mahajan by Author’s book & bookmarks. Order your copy.,784,,,,,,,,,,,,,,,,,,,,,,,,,g,,,active
a-room-of-one-s-own-by-virginia-woolf,A Room of One’s Own by Virginia Woolf,"<p><span>A Room of One’s Own by</span></p>
<p><span>Virginia Woolf</span></p>
<p><span>Step into one of literature’s most influential and thought-provoking works with </span><span>A Room of One’s Own</span><span> — a powerful exploration of creativity, independence, gender, and the freedom to express oneself ✨📖</span></p>
<p><span>In this beautifully written extended essay, Virginia Woolf reflects on the challenges women face in a world shaped by inequality and societal expectations. Through sharp observations and poetic prose, she argues that every woman needs financial independence and personal space in order to create, think, and truly live freely.</span></p>
<p><span>📖 Intelligent, timeless, and deeply inspiring, this classic work explores themes of art, identity, education, and feminism with remarkable honesty and elegance.</span></p>
<p><span>Blending storytelling, reflection, and social commentary, </span><span>A Room of One’s Own</span><span> remains as relevant and impactful today as ever.</span></p>
<p><span>Elegant. Powerful. Timeless. 🤍</span></p>
<p><span>Perfect for readers who enjoy classic literature, feminist writing, and deeply reflective works that challenge societal norms.</span></p>
<p><span>🌟 Why you’ll love it:</span></p>
<p><span>• A timeless feminist literary classic</span><span><br> </span><span>• Beautifully written and intellectually inspiring</span><span><br> </span><span>• Explores creativity, independence, and equality</span><span><br> </span><span>• Thought-provoking ideas that still feel relevant today</span><span><br> </span><span>• A must-read for lovers of literature and social commentary</span></p>
<p><span>📚 Add </span><span>A Room of One’s Own</span><span> to your collection today and experience a groundbreaking work that continues to inspire generations of readers.</span></p>",Author’s book & bookmarks,Media > Books,,,true,Title,Default Title,,,,,,,,,0.0,shopify,10,deny,manual,499.00,549.00,true,true,,,,,,https://cdn.shopify.com/s/files/1/0967/8818/5393/files/IMG-3874.jpg?v=1779253389,1,A Room of One’s Own by Virginia Woolf by Author’s book & bookmarks – book cover,false,A Room of One’s Own by Virginia Woolf | Author's Book & Bookmarks,A Room of One’s Own by Virginia Woolf by Author’s book & bookmarks. Order your copy.,784,,,,,,,,,,,,,,,,,,,,,,,,,g,,,active
a-man-called-ove-by-fredrik-backman,A Man Called Ove by Fredrik Backman,"<p><span>A Man Called Ove by</span></p>
<p><span>Fredrik Backman</span></p>
<p><span>Step into a heartwarming and unforgettable story with </span><span>A Man Called Ove</span><span> — a touching novel about loneliness, grief, friendship, and the unexpected people who change our lives 🖤✨</span></p>
<p><span>Ove is a grumpy, routine-loving man who prefers rules, silence, and being left alone. But when a lively new family moves in next door, his quiet life begins to change in ways he never expected.</span></p>
<p><span>📖 Filled with humor, emotion, and deeply human moments, this beautifully written novel slowly reveals the pain, love, and memories hidden behind Ove’s tough exterior.</span></p>
<p><span>As unlikely friendships begin to grow, the story explores themes of loss, community, kindness, and the importance of human connection in the most emotional and comforting way.</span></p>
<p><span>Funny. Heartbreaking. Hopeful. 💛</span></p>
<p><span>Perfect for readers who enjoy emotional fiction, character-driven stories, and books that beautifully balance humor with deeper life lessons.</span></p>
<p><span>🌟 Why you’ll love it:</span></p>
<p><span>• A deeply emotional and uplifting story</span><span><br> </span><span>• Unforgettable characters filled with warmth and realism</span><span><br> </span><span>• Perfect blend of humor, heartbreak, and hope</span><span><br> </span><span>• Explores grief, loneliness, friendship, and love</span><span><br> </span><span>• A comforting read that stays with you forever</span></p>
<p><span>📚 Add </span><span>A Man Called Ove</span><span> to your collection today and experience a beautiful story about finding connection, purpose, and hope in unexpected places.</span></p>",Author’s book & bookmarks,Media > Books,,,true,Title,Default Title,,,,,,,,,0.0,shopify,10,deny,manual,599.00,,true,true,,,,,,https://cdn.shopify.com/s/files/1/0967/8818/5393/files/IMG-3873.jpg?v=1779252937,1,A Man Called Ove by Fredrik Backman by Author’s book & bookmarks – book cover,false,A Man Called Ove by Fredrik Backman | Author's Book & Bookmarks,A Man Called Ove by Fredrik Backman by Author’s book & bookmarks. Order your copy.,784,,,,,,,,,,,,'1,,,,,,,,,,,,,g,,,active
the-bookshop-woman-by-nanako-hanada,The Bookshop Woman by Nanako Hanada,"<p><span>The Bookshop Woman by </span><span>Nanako Hanada</span></p>
<p> </p>
<p><span>Step into a quiet and comforting world with </span><span>The Bookshop Woman</span><span> — a beautifully reflective novel about books, loneliness, healing, and finding meaning in everyday life 📚✨</span></p>
<p> </p>
<p><span>Centered around a woman whose life becomes deeply connected to a small bookshop, this heartfelt story explores the gentle relationships, emotions, and moments that slowly shape her journey toward self-understanding and connection.</span></p>
<p> </p>
<p><span>📖 Soft, emotional, and deeply atmospheric, the novel captures the peaceful charm of bookstores while exploring themes of solitude, human connection, dreams, and personal growth.</span></p>
<p> </p>
<p><span>Through delicate storytelling and thoughtful observations, </span><span>The Bookshop Woman</span><span> reminds readers how books can become places of comfort, escape, and healing during uncertain times.</span></p>
<p> </p>
<p><span>Quiet. Cozy. Heartfelt. 🤍</span></p>
<p> </p>
<p><span>Perfect for readers who enjoy slice-of-life fiction, Japanese literature, and emotionally gentle stories filled with warmth and introspection.</span></p>
<p> </p>
<p><span>🌟 Why you’ll love it:</span></p>
<p> </p>
<p><span>• A comforting and beautifully written story</span></p>
<p><span>• Cozy bookstore atmosphere and relatable emotions</span></p>
<p><span>• Explores loneliness, healing, and self-discovery</span></p>
<p><span>• Thoughtful, calm, and emotionally rich storytelling</span></p>
<p><span>• Perfect for readers who love slow and meaningful reads</span></p>
<p> </p>
<p><span>📚 Add </span><span>The Bookshop Woman</span><span> to your collection today and lose yourself in a tender story about books, emotions, and finding comfort in unexpected places.</span></p>",Author’s book & bookmarks,Media > Books,,,true,Title,Default Title,,,,,,,,,0.0,shopify,9,deny,manual,449.00,499.00,true,true,,,,,,https://cdn.shopify.com/s/files/1/0967/8818/5393/files/IMG-3872.jpg?v=1779252557,1,The Bookshop Woman by Nanako Hanada by Author’s book & bookmarks – book cover,false,The Bookshop Woman by Nanako Hanada | Author's Book & Bookmarks,The Bookshop Woman by Nanako Hanada by Author’s book & bookmarks. Order your copy.,784,,,,,,,,,,,,,,,,,,,,,,,,,g,,,active
anxious-people-by-fredrik-backman,Anxious People by Fredrik Backman,"<p><span>Anxious People by </span><span>Fredrik Backman</span></p>
<p> </p>
<p><span>Step into a heartfelt, humorous, and deeply emotional story with </span><span>Anxious People</span><span> — a beautifully written novel about strangers, second chances, hidden struggles, and the unexpected ways people connect 💛✨</span></p>
<p> </p>
<p><span>What begins as a failed bank robbery quickly turns into an unforgettable hostage situation where a group of completely different strangers find themselves trapped together in an apartment viewing. As tensions rise and secrets slowly unfold, each person is forced to confront their fears, regrets, dreams, and anxieties.</span></p>
<p> </p>
<p><span>📖 Filled with humor, warmth, and emotional depth, Fredrik Backman masterfully explores the chaos of being human—the loneliness people hide, the mistakes they carry, and the hope they continue to hold onto.</span></p>
<p> </p>
<p><span>Both funny and heartbreaking, </span><span>Anxious People</span><span> reminds readers that everyone is struggling with something, even if they don’t show it.</span></p>
<p> </p>
<p><span>Funny. Emotional. Comforting. 🕊️</span></p>
<p> </p>
<p><span>Perfect for readers who enjoy character-driven fiction, emotional storytelling, and books that beautifully balance humor with deeper life themes.</span></p>
<p> </p>
<p><span>🌟 Why you’ll love it:</span></p>
<p> </p>
<p><span>• Heartwarming and emotionally powerful storytelling</span></p>
<p><span>• Lovable, realistic, and unforgettable characters</span></p>
<p><span>• A perfect mix of humor, emotion, and mystery</span></p>
<p><span>• Explores themes of mental health, loneliness, and forgiveness</span></p>
<p><span>• A comforting and meaningful read that stays with you</span></p>
<p> </p>
<p><span>📚 Add </span><span>Anxious People</span><span> to your collection today and experience a story full of chaos, compassion, and beautifully imperfect humans.</span></p>",Author’s book & bookmarks,Media > Books,,,true,Title,Default Title,,,,,,,,,0.0,shopify,10,deny,manual,649.00,699.00,true,true,,,,,,https://cdn.shopify.com/s/files/1/0967/8818/5393/files/IMG-3871.jpg?v=1779252273,1,Anxious People by Fredrik Backman by Author’s book & bookmarks – book cover,false,Anxious People by Fredrik Backman | Author's Book & Bookmarks,Anxious People by Fredrik Backman by Author’s book & bookmarks. Order your copy.,784,,,,,,,,,,,,,,,,,,,,,,,,,g,,,active
crying-in-h-mart-by-michelle-zauner,Crying in H Mart by Michelle Zauner,"<p><span>Crying in H Mart by</span></p>
<p><span>Michelle Zauner</span></p>
<p><span>Step into a deeply emotional and beautifully honest memoir with </span><span>Crying in H Mart</span><span> — a powerful story about grief, family, identity, love, and the comfort found in food and memories 💔✨</span></p>
<p><span>Through heartfelt storytelling, Michelle Zauner reflects on her relationship with her Korean mother, the pain of loss, and the journey of reconnecting with her culture and herself after tragedy changes everything.</span></p>
<p><span>📖 Raw, intimate, and profoundly moving, this memoir explores how food, traditions, and shared moments can hold emotions that words often cannot express. From childhood memories to heartbreaking realizations, every page feels personal, vulnerable, and unforgettable.</span></p>
<p><span>More than just a memoir, </span><span>Crying in H Mart</span><span> is a touching exploration of motherhood, identity, belonging, and the way love continues even after loss.</span></p>
<p><span>Tender. Emotional. Unforgettable. 🌙</span></p>
<p><span>Perfect for readers who enjoy memoirs, emotional storytelling, and deeply human stories about family and self-discovery.</span></p>
<p><span>🌟 Why you’ll love it:</span></p>
<p><span>• Beautifully written and emotionally powerful memoir</span><span><br> </span><span>• Explores grief, identity, family, and culture</span><span><br> </span><span>• Deeply personal and relatable storytelling</span><span><br> </span><span>• Filled with warmth, memories, and emotional depth</span><span><br> </span><span>• A moving read that stays with you long after finishing</span></p>
<p><span>📚 Add </span><span>Crying in H Mart</span><span> to your collection today and experience a heartfelt story about love, loss, and finding yourself through memory and connection.</span></p>",Author’s book & bookmarks,Media > Books,,,true,Title,Default Title,,,,,,,,,0.0,shopify,10,deny,manual,599.00,649.00,true,true,,,,,,https://cdn.shopify.com/s/files/1/0967/8818/5393/files/IMG-3870.jpg?v=1779251990,1,Crying in H Mart by Michelle Zauner by Author’s book & bookmarks – book cover,false,Crying in H Mart by Michelle Zauner | Author's Book & Bookmarks,Crying in H Mart by Michelle Zauner by Author’s book & bookmarks. Order your copy.,784,,,,,,,,,,,,,,,,,,,,,,,,,g,,,active
whereabouts-by-jhumpa-lahiri,Whereabouts by Jhumpa Lahiri,"<p><span>Whereabouts by </span><span>Jhumpa Lahiri</span></p>
<p> </p>
<p><span>Step into a quiet, introspective, and beautifully written journey with </span><span>Whereabouts</span><span> — a deeply reflective novel about solitude, routine, identity, and the small moments that shape our inner lives 🌙✨</span></p>
<p> </p>
<p><span>Told through a series of intimate observations, the story follows a woman moving through the rhythms of everyday life—cafés, streets, conversations, memories, and fleeting encounters—while quietly searching for meaning, connection, and belonging.</span></p>
<p> </p>
<p><span>📖 Elegant and deeply atmospheric, </span><span>Whereabouts</span><span> captures loneliness and self-reflection with remarkable honesty and simplicity. Through delicate storytelling and emotional depth, the novel explores how people navigate isolation, relationships, and the desire to feel understood.</span></p>
<p> </p>
<p><span>Subtle yet powerful, this is a story that invites readers to slow down and notice the beauty hidden inside ordinary moments.</span></p>
<p> </p>
<p><span>Quiet. Poetic. Thought-provoking. 🤍</span></p>
<p> </p>
<p><span>Perfect for readers who enjoy literary fiction, introspective storytelling, and emotionally nuanced narratives.</span></p>
<p> </p>
<p><span>🌟 Why you’ll love it:</span></p>
<p> </p>
<p><span>• Beautifully minimal and poetic writing</span></p>
<p><span>• Deeply reflective and emotionally resonant</span></p>
<p><span>• Explores loneliness, identity, and belonging</span></p>
<p><span>• Atmospheric storytelling filled with quiet beauty</span></p>
<p><span>• A thoughtful literary read that lingers in your mind</span></p>
<p> </p>
<p><span>📚 Add </span><span>Whereabouts</span><span> to your collection today and immerse yourself in a tender story about solitude, memory, and the search for connection.</span></p>",Author’s book & bookmarks,Media > Books,,,true,Title,Default Title,,,,,,,,,0.0,shopify,10,deny,manual,549.00,599.00,true,true,,,,,,https://cdn.shopify.com/s/files/1/0967/8818/5393/files/IMG-3869.jpg?v=1779251780,1,Whereabouts by Jhumpa Lahiri by Author’s book & bookmarks – book cover,false,Whereabouts by Jhumpa Lahiri | Author's Book & Bookmarks,Whereabouts by Jhumpa Lahiri by Author’s book & bookmarks. Order your copy.,784,,,,,,,,,,,,,,,,,,,,,,,,,g,,,active
on-earth-we-re-briefly-gorgeous-by-ocean-vuong,On Earth We’re Briefly Gorgeous by Ocean Vuong,"<p><span>On Earth We’re Briefly Gorgeous by </span><span>Ocean Vuong</span></p>
<p> </p>
<p><span>Step into a deeply moving and poetic story with </span><span>On Earth We’re Briefly Gorgeous</span><span> — a powerful novel about identity, family, love, trauma, and the search for belonging 🖤✨</span></p>
<p> </p>
<p><span>Written as a heartfelt letter from a son to his mother, this beautifully crafted novel explores the complexities of growing up between cultures, generations, and expectations. Through raw memories and intimate reflections, the story captures the pain of survival, the tenderness of love, and the struggle to understand oneself in a complicated world.</span></p>
<p> </p>
<p><span>📖 Lyrical, emotional, and unforgettable, </span><span>On Earth We’re Briefly Gorgeous</span><span> blends poetry with storytelling in a way that feels deeply personal and hauntingly beautiful.</span></p>
<p> </p>
<p><span>As themes of immigration, masculinity, queerness, and family unfold, the novel reveals both the fragility and resilience of human connection.</span></p>
<p> </p>
<p><span>Poetic. Heartbreaking. Profound. 🌙</span></p>
<p> </p>
<p><span>Perfect for readers who enjoy literary fiction, emotional storytelling, and beautifully written books that leave a lasting impact.</span></p>
<p> </p>
<p><span>🌟 Why you’ll love it:</span></p>
<p> </p>
<p><span>• Stunningly poetic and emotionally rich writing</span></p>
<p><span>• Explores identity, family, love, and trauma</span></p>
<p><span>• Deeply personal and thought-provoking storytelling</span></p>
<p><span>• Powerful LGBTQ+ and immigrant representation</span></p>
<p><span>• A beautifully written novel that stays with you forever</span></p>
<p> </p>
<p><span>📚 Add </span><span>On Earth We’re Briefly Gorgeous</span><span> to your collection today and experience a story filled with beauty, pain, and unforgettable emotion.</span></p>",Author’s book & bookmarks,Media > Books,,,true,Title,Default Title,,,,,,,,,0.0,shopify,10,deny,manual,549.00,599.00,true,true,,,,,,https://cdn.shopify.com/s/files/1/0967/8818/5393/files/IMG-3868.jpg?v=1779251515,1,On Earth We’re Briefly Gorgeous by Ocean Vuong by Author’s book & bookmarks – book cover,false,On Earth We’re Briefly Gorgeous by | Author's Book & Bookmarks,On Earth We’re Briefly Gorgeous by Ocean Vuong by Author’s book & bookmarks. Order your copy.,784,,,,,,,,,,,,,,,,,,,,,,,,,g,,,active
boys-don-t-cry-by-meghna-pant,Boys Don’t Cry by Meghna Pant,"<p><span>Boys Don’t Cry by </span><span>Meghna Pant</span></p>
<p> </p>
<p><span>Step into an emotional and thought-provoking story with </span><span>Boys Don’t Cry</span><span> — a powerful novel that explores masculinity, emotions, relationships, and the silent struggles many people carry behind closed doors 🖤</span></p>
<p> </p>
<p><span>Through deeply human characters and realistic storytelling, the novel challenges society’s expectations about strength, vulnerability, and what it truly means to “be strong.” As emotions, heartbreak, family pressures, and personal battles unfold, the story reveals how silence can sometimes hurt more than words.</span></p>
<p> </p>
<p><span>📖 Honest, sensitive, and emotionally layered, </span><span>Boys Don’t Cry</span><span> shines a light on mental health, emotional expression, and the importance of understanding feelings that are often ignored or hidden.</span></p>
<p> </p>
<p><span>This is more than just a story—it’s a reminder that vulnerability is not weakness and that everyone deserves to be heard.</span></p>
<p> </p>
<p><span>Emotional. Raw. Meaningful. ✨</span></p>
<p> </p>
<p><span>Perfect for readers who enjoy contemporary fiction with emotional depth, social themes, and realistic human experiences.</span></p>
<p> </p>
<p><span>🌟 Why you’ll love it:</span></p>
<p> </p>
<p><span>• Emotionally powerful and deeply relatable</span></p>
<p><span>• Explores masculinity, vulnerability, and mental health</span></p>
<p><span>• Realistic characters and impactful storytelling</span></p>
<p><span>• Thought-provoking themes and emotional moments</span></p>
<p><span>• A meaningful read that stays with you</span></p>
<p> </p>
<p><span>📚 Add </span><span>Boys Don’t Cry</span><span> to your collection today and experience a heartfelt story about emotions, identity, and the courage to feel.</span></p>",Author’s book & bookmarks,Media > Books,,,true,Title,Default Title,,,,,,,,,0.0,shopify,10,deny,manual,350.00,,true,true,,,,,,https://cdn.shopify.com/s/files/1/0967/8818/5393/files/IMG-3867.jpg?v=1779251161,1,Boys Don’t Cry by Meghna Pant by Author’s book & bookmarks – book cover,false,Boys Don’t Cry by Meghna Pant | Author's Book & Bookmarks,Boys Don’t Cry by Meghna Pant by Author’s book & bookmarks. Order your copy.,784,,,,,,,,,,,,,,,,,,,,,,,,,g,,,active
the-people-on-platform-5-by-clare-pooley,The People on Platform 5 by Clare Pooley,"<p><span>The People on Platform 5 by </span><span>Clare Pooley</span></p>
<p> </p>
<p><span>Step into a heartwarming and uplifting story with </span><span>The People on Platform 5</span><span> — a beautifully written novel about strangers, friendship, loneliness, and the unexpected connections that can change our lives 🚆💛</span></p>
<p> </p>
<p><span>Every day, the same group of commuters waits together on Platform 5, lost in their own routines and personal struggles. But when one small act of kindness brings them together, their ordinary train journeys slowly turn into meaningful friendships that begin to transform each of their lives.</span></p>
<p> </p>
<p><span>📖 Filled with warmth, humor, emotion, and relatable characters, this novel explores human connection in the most touching way. As secrets unfold and relationships grow, the story reminds us that even strangers can become family when people truly see and support one another.</span></p>
<p> </p>
<p><span>Comforting, emotional, and impossible not to smile through, </span><span>The People on Platform 5</span><span> celebrates kindness, second chances, and the beauty of everyday life.</span></p>
<p> </p>
<p><span>Warm. Hopeful. Unforgettable. ✨</span></p>
<p> </p>
<p><span>Perfect for readers who enjoy feel-good fiction, emotional storytelling, and character-driven novels about friendship and healing.</span></p>
<p> </p>
<p><span>🌟 Why you’ll love it:</span></p>
<p> </p>
<p><span>• A wholesome and uplifting feel-good story</span></p>
<p><span>• Relatable characters with emotional depth</span></p>
<p><span>• Explores friendship, loneliness, and human connection</span></p>
<p><span>• Heartwarming moments mixed with humor and emotion</span></p>
<p><span>• A comforting read that leaves you smiling</span></p>
<p> </p>
<p><span>📚 Add </span><span>The People on Platform 5</span><span> to your collection today and discover a beautiful reminder that small connections can change everything.</span></p>",Author’s book & bookmarks,Media > Books,,,true,Title,Default Title,,,,,,,,,0.0,shopify,10,deny,manual,549.00,599.00,true,true,,,,,,https://cdn.shopify.com/s/files/1/0967/8818/5393/files/IMG-3866.jpg?v=1779250748,1,The People on Platform 5 by Clare Pooley by Author’s book & bookmarks – book cover,false,The People on Platform 5 by Clare | Author's Book & Bookmarks,The People on Platform 5 by Clare Pooley by Author’s book & bookmarks. Order your copy.,784,,,,,,,,,,,,,,,,,,,,,,,,,g,,,active
untitled-may20_01-32-23,Henna Startup by Andaleeb Wajid,"<p><span>Henna Startup by </span><span>Andaleeb Wajid</span></p>
<p> </p>
<p><span>Step into a vibrant and inspiring story with </span><span>Henna Startup</span><span> — a refreshing coming-of-age novel about ambition, friendship, family expectations, and chasing your dreams ✨🌿</span></p>
<p> </p>
<p><span>When a simple idea turns into an exciting business opportunity, the journey becomes far more complicated than expected. Balancing school, relationships, cultural expectations, and personal goals, the characters discover that building something of their own takes courage, passion, and resilience.</span></p>
<p> </p>
<p><span>📖 Filled with relatable moments, humor, emotions, and youthful energy, this novel beautifully captures the excitement and struggles of growing up while trying to create your own identity.</span></p>
<p> </p>
<p><span>At its heart, </span><span>Henna Startup</span><span> is more than just a story about business—it’s about self-belief, creativity, friendship, and daring to dream bigger.</span></p>
<p> </p>
<p><span>Fresh. Fun. Inspiring. 💛</span></p>
<p> </p>
<p><span>Perfect for readers who enjoy young adult fiction, coming-of-age stories, and books filled with ambition, culture, and heartfelt moments.</span></p>
<p> </p>
<p><span>🌟 Why you’ll love it:</span></p>
<p> </p>
<p><span>• A unique and inspiring entrepreneurial storyline</span></p>
<p><span>• Relatable characters and realistic emotions</span></p>
<p><span>• Explores friendship, ambition, identity, and family</span></p>
<p><span>• Fun, engaging, and easy-to-read writing style</span></p>
<p><span>• A motivating story about following your dreams</span></p>
<p> </p>
<p><span>📚 Add </span><span>Henna Startup</span><span> to your collection today and enjoy a heartwarming story about passion, growth, and believing in yourself.</span></p>",Author’s book & bookmarks,Media > Books,,,true,Title,Default Title,,,,,,,,,0.0,shopify,10,deny,manual,299.00,,true,true,,,,,,https://cdn.shopify.com/s/files/1/0967/8818/5393/files/IMG-3865.jpg?v=1779250028,1,Henna Startup by Andaleeb Wajid by Author’s book & bookmarks – book cover,false,Henna Startup by Andaleeb Wajid | Author's Book & Bookmarks,Henna Startup by Andaleeb Wajid by Author’s book & bookmarks. Order your copy.,784,,,,,,,,,,,,,,,,,,,,,,,,,g,,,active
match-me-if-you-can-by-swati-hegde,Match Me If You Can by Swati Hegde,"<p><span>Match Me If You Can by</span></p>
<p><span>Swati Hegde</span></p>
<p><span>Step into a fun, messy, and heartwarming world of modern romance with </span><span>Match Me If You Can</span><span> — a charming story filled with love, chaos, banter, and unexpected connections 💘✨</span></p>
<p><span>When emotions, relationships, and matchmaking collide, sparks begin to fly in the most unexpected ways. Packed with humor, chemistry, and relatable moments, this novel explores what happens when love refuses to follow a perfect plan.</span></p>
<p><span>📖 With lovable characters, emotional twists, and a refreshing contemporary vibe, the story beautifully captures friendship, attraction, misunderstandings, and the excitement of finding someone who truly understands you.</span></p>
<p><span>Lighthearted yet emotional, </span><span>Match Me If You Can</span><span> is the perfect comfort read for romance lovers who enjoy witty conversations, slow-burn chemistry, and feel-good storytelling.</span></p>
<p><span>Cute. Funny. Addictive. 💖</span></p>
<p><span>Perfect for readers who love contemporary romance, rom-coms, and stories filled with tension, humor, and heartwarming moments.</span></p>
<p><span>🌟 Why you’ll love it:</span></p>
<p><span>• A fun and engaging modern romance</span><span><br> </span><span>• Witty banter and lovable characters</span><span><br> </span><span>• Emotional moments mixed with humor</span><span><br> </span><span>• Perfect slow-burn chemistry and relationship drama</span><span><br> </span><span>• A comforting and binge-worthy read</span></p>
<p><span>📚 Add </span><span>Match Me If You Can</span><span> to your collection today and fall into a delightful story where love appears when you least expect it.</span></p>",Author’s book & bookmarks,Media > Books,,,true,Title,Default Title,,,,,,,,,0.0,shopify,10,deny,manual,229.00,,true,true,,,,,,https://cdn.shopify.com/s/files/1/0967/8818/5393/files/IMG-3864.jpg?v=1779220740,1,Match Me If You Can by Swati Hegde by Author’s book & bookmarks – book cover,false,Match Me If You Can by Swati Hegde | Author's Book & Bookmarks,Match Me If You Can by Swati Hegde by Author’s book & bookmarks. Order your copy.,784,,,,,,,,,,,,,,,,,,,,,,,,,g,,,active
almost-sixteen-by-arsh-verma,Almost Sixteen by Arsh Verma,"<p><span>Almost Sixteen by </span><span>Arsh Verma</span></p>
<p> </p>
<p><span>Step into the chaotic, emotional, and unforgettable world of teenage life with </span><span>Almost Sixteen</span><span> — a heartfelt coming-of-age story about friendship, love, confusion, and discovering who you truly are 💛</span></p>
<p> </p>
<p><span>Filled with relatable moments, awkward emotions, and the excitement of growing up, this novel beautifully captures what it feels like to stand on the edge between childhood and adulthood.</span></p>
<p> </p>
<p><span>📖 As emotions become more complicated and relationships start to change, the story follows the ups and downs of teenage life with honesty, humor, and warmth. From friendships and family expectations to first love and self-discovery, </span><span>Almost Sixteen</span><span> feels real, comforting, and deeply relatable.</span></p>
<p> </p>
<p><span>This isn’t just a teenage story—it’s a nostalgic journey that reminds readers how intense and beautiful growing up can be.</span></p>
<p> </p>
<p><span>Wholesome. Emotional. Relatable. ✨</span></p>
<p> </p>
<p><span>Perfect for readers who enjoy coming-of-age fiction, young adult romance, and stories filled with emotion and realism.</span></p>
<p> </p>
<p><span>🌟 Why you’ll love it:</span></p>
<p> </p>
<p><span>• A relatable and emotional coming-of-age story</span></p>
<p><span>• Captures the beauty and confusion of teenage years</span></p>
<p><span>• Heartwarming moments mixed with humor and emotion</span></p>
<p><span>• Explores friendship, love, identity, and growing up</span></p>
<p><span>• Easy to read and impossible to forget</span></p>
<p> </p>
<p><span>📚 Add </span><span>Almost Sixteen</span><span> to your collection today and relive the magic, chaos, and emotions of being almost sixteen.</span></p>",Author’s book & bookmarks,Media > Books,,,true,Title,Default Title,,,,,,,,,0.0,shopify,10,deny,manual,399.00,,true,true,,,,,,https://cdn.shopify.com/s/files/1/0967/8818/5393/files/IMG-3863.jpg?v=1779220403,1,Almost Sixteen by Arsh Verma by Author’s book & bookmarks – book cover,false,Almost Sixteen by Arsh Verma | Author's Book & Bookmarks,Almost Sixteen by Arsh Verma by Author’s book & bookmarks. Order your copy.,784,,,,,,,,,,,,,,,,,,,,,,,,,g,,,active
queerly-beloved-by-farhad-j-dadyburjor,Queerly Beloved by Farhad J. Dadyburjor,"<p><span>Queerly Beloved by</span></p>
<p><span>Farhad J. Dadyburjor</span></p>
<p><span>Step into a bold, heartfelt, and beautifully honest story with </span><span>Queerly Beloved</span><span> — a powerful collection that explores queer love, identity, longing, and the many emotions that come with simply being yourself 🌈🖤</span></p>
<p><span>Through deeply personal and emotionally raw storytelling, this book captures moments of vulnerability, desire, heartbreak, acceptance, and hope in a way that feels intimate and real.</span></p>
<p><span>📖 Thought-provoking and unapologetically authentic, </span><span>Queerly Beloved</span><span> shines a light on experiences that are often left unspoken, creating a space where emotions, identity, and human connection take center stage.</span></p>
<p><span>Every page carries warmth, pain, courage, and honesty — making this more than just a book. It’s an experience that resonates long after you finish reading.</span></p>
<p><span>Emotional. Fearless. Unforgettable. ✨</span></p>
<p><span>Perfect for readers who enjoy contemporary queer literature, emotional storytelling, and books that challenge societal norms while celebrating individuality.</span></p>
<p><span>🌟 Why you’ll love it:</span></p>
<p><span>• Raw, emotional, and deeply relatable writing</span><span><br> </span><span>• Explores themes of identity, love, and self-acceptance</span><span><br> </span><span>• Powerful representation and authentic storytelling</span><span><br> </span><span>• Thought-provoking and emotionally impactful</span><span><br> </span><span>• A unique reading experience that stays with you</span></p>
<p><span>📚 Add </span><span>Queerly Beloved</span><span> to your collection today and experience a story that celebrates love, identity, and the courage to exist unapologetically.</span></p>",Author’s book & bookmarks,Media > Books,,,true,Title,Default Title,,,,,,,,,0.0,shopify,10,deny,manual,499.00,475.00,true,true,,,,,,https://cdn.shopify.com/s/files/1/0967/8818/5393/files/IMG-3862.jpg?v=1779219982,1,Queerly Beloved by Farhad J. Dadyburjor by Author’s book & bookmarks – book cover,false,Queerly Beloved by Farhad J. | Author's Book & Bookmarks,Queerly Beloved by Farhad J. Dadyburjor by Author’s book & bookmarks. Order your copy.,784,,,,,,,,,,,,,,,,,,,,,,,,,g,,,active
the-stationery-shop-of-tehran-by-marjan-kamali,The Stationery Shop of Tehran by Marjan Kamali,"<p><span>The Stationery Shop of Tehran by</span></p>
<p><span>Marjan Kamali</span></p>
<p><span>Step into the enchanting streets of 1950s Tehran with </span><span>The Stationery Shop of Tehran</span><span> — a deeply emotional and unforgettable story about first love, destiny, and the moments that change our lives forever 💌</span></p>
<p><span>Inside a charming stationery shop filled with fountain pens, poetry, and beautiful notebooks, Roya and Bahman discover a love that feels written in the stars. But on the eve of their marriage, a sudden political upheaval tears them apart, leaving behind unanswered questions and a heartbreak that lasts for decades.</span></p>
<p><span>📖 Rich with emotion and nostalgia, this beautifully written novel explores love, loss, family expectations, and the power of memories. Through lyrical storytelling and vivid details, the story captures how one moment can shape an entire lifetime.</span></p>
<p><span>This isn’t just a romance novel—it’s a heartfelt journey about hope, longing, and second chances that stays with you long after the final page.</span></p>
<p><span>Tender. Poetic. Heartbreaking. 🤍</span></p>
<p><span>Perfect for readers who love emotional fiction, historical romance, and stories that leave a lasting impact.</span></p>
<p><span>🌟 Why you’ll love it:</span></p>
<p><span>• Beautifully written and emotionally powerful story</span><span><br> </span><span>• A touching blend of romance and historical fiction</span><span><br> </span><span>• Explores themes of love, fate, memory, and loss</span><span><br> </span><span>• Atmospheric setting filled with books, poetry, and nostalgia</span><span><br> </span><span>• A deeply moving story that stays with you forever</span></p>
<p><span>📚 Add </span><span>The Stationery Shop of Tehran</span><span> to your collection today and experience a timeless story of love and destiny.</span></p>",Author’s book & bookmarks,,book,,true,Title,Default Title,,,,,,,,,0.0,shopify,10,deny,manual,420.00,450.00,true,true,,,,,,https://cdn.shopify.com/s/files/1/0967/8818/5393/files/IMG-3861.jpg?v=1779219538,1,The Stationery Shop of Tehran by Marjan Kamali by Author’s book & bookmarks – book cover,false,The Stationery Shop of Tehran by | Author's Book & Bookmarks,The Stationery Shop of Tehran by Marjan Kamali by Author’s book & bookmarks. Order your copy.,Media > Books,,,,,,,,,,,,,,,,,,,,,,,,,g,,,active
8-rules-of-love-by-jay-shetty,8 Rules Of Love By Jay Shetty,"<p><span><a href=""chatgpt://generic-entity?number=0"">8 Rules of Love</a></span><span> by <a href=""chatgpt://generic-entity?number=1"">Jay Shetty</a> is a thoughtful and practical guide to understanding love—not just in relationships, but within yourself.</span></p>
<p> </p>
<p><span>Instead of presenting love as something magical or effortless, this book breaks it down into something we can actually learn, practice, and grow into. Drawing inspiration from ancient wisdom, modern psychology, and real-life experiences, Jay Shetty introduces eight powerful rules that help you navigate every stage of love—from being alone, to finding someone, to building and sustaining a meaningful relationship.</span></p>
<p> </p>
<p><span>What makes this book stand out is its honesty. It doesn’t promise perfect love or fairy-tale endings. Instead, it talks about the realities—miscommunication, expectations, heartbreak, healing, and growth. It encourages you to look inward first, to understand your own patterns, fears, and emotional habits before seeking connection with someone else.</span></p>
<p> </p>
<p><span>Through simple language and relatable insights, the book explores how to love with intention, how to handle conflict with maturity, and how to let go when something is no longer right for you. It reminds you that love isn’t just about finding the right person—it’s about becoming the right person too.</span></p>
<p> </p>
<p><span>Whether you are single, in a relationship, or healing from one, 8 Rules of Love offers clarity, comfort, and perspective. It gently shifts your mindset from chasing love to understanding it.</span></p>
<p> </p>
<p><span>A perfect read for anyone trying to make sense of modern relationships while staying emotionally grounded, this book feels like a calm conversation that guides you toward deeper, more meaningful connections.</span></p>",Author’s book & bookmarks,Media > Books,,,true,Title,Default Title,,,,,,,,,0.0,shopify,10,deny,manual,449.00,499.00,true,true,,,,,,https://cdn.shopify.com/s/files/1/0967/8818/5393/files/IMG-3516.jpg?v=1776494696,1,8 Rules Of Love By Jay Shetty by Author’s book & bookmarks – book cover,false,8 Rules Of Love By Jay Shetty | Author's Book & Bookmarks,8 Rules Of Love By Jay Shetty by Author’s book & bookmarks. Order your copy.,784,,,,,,,,,,,,,,,,,,,,,,,,,g,,,active
three-of-us-bookmark,Three Of Us Bookmark,"<p><span>When a woman with early onset dementia visits her hometown with her husband, buried memories and a former love pave a poignant path through her past.</span></p>
<p>Product Details</p>
<p>Paper : 300GSM Buff Carton Paper ( With Lamination )</p>
<p>Size : W : 2.5inch H : 5inch</p>
<p data-start=""154"" data-end=""219""><strong data-start=""154"" data-end=""163"">Note:</strong> <em data-start=""164"" data-end=""219"">Size may vary slightly as this is a handmade product.</em></p>
<p><span> </span></p>",Author’s book & bookmarks,Office Supplies > Book Accessories > Bookmarks,,,true,Title,Default Title,,,,,,,,,0.0,shopify,48,deny,manual,49.00,99.00,true,true,,,,,,https://cdn.shopify.com/s/files/1/0967/8818/5393/files/Three-of_us.png?v=1775638390,1,Three Of Us Bookmark by Author’s book & bookmarks – book cover,false,Three Of Us Bookmark | Author's Book & Bookmarks,Three Of Us Bookmark by Author’s book & bookmarks. Shop unique bookmarks at Author's Book & Bookmarks.,93,,,,,,,,,,,,,,,,,,,,,,,,,g,,,active
girl-will-be-girl-bookmark,Girl Will Be Girl Bookmark,"<p><span>In a strict boarding school nestled in the Himalayas, 16-year-old Mira discovers desire and romance, but her rebellious sexual awakening is disrupted by her mother, who never got to come of age herself.</span></p>
<p>Product Details</p>
<p>Paper : 300GSM Buff Carton Paper ( With Lamination )</p>
<p>Size : W : 2.5inch H : 5inch</p>
<p data-start=""154"" data-end=""219""><strong data-start=""154"" data-end=""163"">Note:</strong> <em data-start=""164"" data-end=""219"">Size may vary slightly as this is a handmade product.</em></p>",Author’s book & bookmarks,Office Supplies > Book Accessories > Bookmarks,,,true,Title,Default Title,,,,,,,,,0.0,shopify,43,deny,manual,49.00,99.00,true,true,,,,,,https://cdn.shopify.com/s/files/1/0967/8818/5393/files/Untitled-design.png?v=1775637990,1,Girl Will Be Girl Bookmark by Author’s book & bookmarks – book cover,false,Girl Will Be Girl Bookmark | Author's Book & Bookmarks,Girl Will Be Girl Bookmark by Author’s book & bookmarks. Shop unique bookmarks at Author's Book & Bookmarks.,93,,,,,,,,,,,,,,,,,,,,,,,,,g,,,active
the-sea-and-the-horizon-by-nujoom-al-ghanem,The Sea and the Horizon by Nujoom Al-Ghanem,"<p><span><a href=""chatgpt://generic-entity?number=0"">The Sea and the Horizon</a></span><span> by <a href=""chatgpt://generic-entity?number=1"">Nujoom Al-Ghanem</a> (translated by <a href=""chatgpt://generic-entity?number=2"">Ibrahim Fawzy</a>) is a deeply reflective and soulful collection of poems that quietly explores love, loss, and the art of letting go.</span></p>
<p> </p>
<p><span>Blending the spiritual depth of Sufism with the delicate simplicity of haiku, this book feels like standing at the edge of the ocean—calm on the surface, yet filled with unspoken emotions beneath. Each poem is short, but it carries a weight that lingers, inviting you to pause, breathe, and feel.</span></p>
<p> </p>
<p><span>These verses don’t shout for attention—they whisper. They speak of longing that has no name, of love that exists beyond presence, and of the silent acceptance that comes with understanding life’s impermanence. There is a sense of stillness in these pages, where even pain feels poetic and healing feels gentle.</span></p>
<p> </p>
<p><span>The “sea” becomes a symbol of depth and emotion, while the “horizon” represents distance, hope, and the unknown. Together, they create a space where the reader can reflect on their own journey—on what they’re holding onto, and what they need to release.</span></p>
<p> </p>
<p><span>This is not a book you rush through. It’s one you return to, again and again, finding new meanings each time. Perfect for readers who enjoy quiet, introspective poetry that touches the soul without trying too hard.</span></p>
<p> </p>
<p><span>Soft, meditative, and beautifully minimal, The Sea and the Horizon is less about reading—and more about feeling.</span></p>",Author’s book & bookmarks,Media > Books,,,true,Title,Default Title,,,,,,,,,0.0,shopify,10,deny,manual,399.00,,true,true,,,,,,https://cdn.shopify.com/s/files/1/0967/8818/5393/files/IMG-3333.png?v=1775593151,1,The Sea and the Horizon by Nujoom Al-Ghanem by Author’s book & bookmarks – book cover,false,The Sea and the Horizon by Nujoom | Author's Book & Bookmarks,The Sea and the Horizon by Nujoom Al-Ghanem by Author’s book & bookmarks. Order your copy.,784,,,,,,,,,,,,,,,,,,literature; book; self-help-personal-development,english,,,,adults,,g,,,active
white-nights-by-fyodor-dostoevsky,White Nights by Fyodor Dostoevsky,"<p><span><a href=""chatgpt://generic-entity?number=0"">White Nights</a></span><span> by <a href=""chatgpt://generic-entity?number=1"">Fyodor Dostoevsky</a> is a delicate, haunting tale of loneliness, fleeting love, and the quiet ache of unfulfilled dreams.</span></p>
<p> </p>
<p><span>Set in the dreamy, almost surreal nights of St. Petersburg, the story follows an unnamed narrator—often called the “Dreamer”—a man who lives more in his imagination than in reality. Isolated and yearning for connection, he wanders the city alone, building entire worlds inside his mind. But everything changes when he meets Nastenka, a young woman equally caught between hope and heartbreak.</span></p>
<p> </p>
<p><span>Over the course of just a few nights, their lives intertwine in a way that feels both magical and fragile. They share their fears, their pasts, and their dreams, forming a bond that is as intense as it is temporary. For the Dreamer, these moments feel like a lifetime—proof that even the loneliest hearts can find light, if only for a while.</span></p>
<p> </p>
<p><span>What makes </span><span>White Nights</span><span> so powerful is its emotional honesty. It captures the bittersweet nature of love that isn’t meant to last, and the silent pain of people who feel too deeply in a world that rarely understands them. Dostoevsky’s writing is tender yet piercing, reminding us how hope and heartbreak often exist side by side.</span></p>
<p> </p>
<p><span>This isn’t just a love story—it’s a story about longing, about the beauty of fleeting connections, and about the quiet courage it takes to dream, even when reality may not be kind.</span></p>
<p> </p>
<p><span>Soft, poetic, and deeply relatable, </span><span>White Nights</span><span> stays with you long after the final page—like a memory you wish you could relive just one more time.</span></p>",Author’s book & bookmarks,Media > Books,,,true,Title,Default Title,,,,,,,,,0.0,shopify,10,deny,manual,199.00,,true,true,,,,,,https://cdn.shopify.com/s/files/1/0967/8818/5393/files/IMG-3332.png?v=1775592493,1,White Nights by Fyodor Dostoevsky by Author’s book & bookmarks – book cover,false,White Nights by Fyodor Dostoevsky | Author's Book & Bookmarks,White Nights by Fyodor Dostoevsky by Author’s book & bookmarks. Order your copy.,784,,,,,,,,,,,,,,,,,,,,,,,,,g,,,active
tuesdays-with-morrie-by-mitch-albom,Tuesdays with Morrie by Mitch Albom,"<p><span><a href=""chatgpt://generic-entity?number=0"">Tuesdays with Morrie</a></span><span> by <a href=""chatgpt://generic-entity?number=1"">Mitch Albom</a> is a deeply moving memoir that gently reminds us of what truly matters in life.</span></p>
<p> </p>
<p><span>The story begins with Mitch, a busy and career-driven journalist, who feels disconnected from the simpler, more meaningful parts of life. By chance, he reconnects with his former college professor, Morrie Schwartz—now battling ALS, a disease slowly taking away his body but not his spirit. What follows is a series of Tuesday visits that turn into life lessons Mitch never knew he needed.</span></p>
<p> </p>
<p><span>Each Tuesday becomes a conversation about life’s most important truths—love, work, family, forgiveness, aging, and ultimately, death. Morrie, with his warmth, wisdom, and quiet humor, shares perspectives that are both heartbreaking and deeply comforting. Even as his condition worsens, his outlook on life becomes more powerful, teaching Mitch—and the reader—that living fully means embracing vulnerability, connection, and compassion.</span></p>
<p> </p>
<p><span>This book isn’t just about dying; it’s about learning how to truly live. It strips away the noise of ambition and societal pressure, bringing you face-to-face with the essence of being human. Through Morrie’s words, you begin to question your own priorities and the way you measure success and happiness.</span></p>
<p> </p>
<p><span>Simple yet profound, Tuesdays with Morrie feels like a conversation you didn’t know you needed. It will make you pause, reflect, and maybe even change the way you look at your relationships and your life.</span></p>",Author’s book & bookmarks,Media > Books,,,true,Title,Default Title,,,,,,,,,0.0,shopify,10,deny,manual,299.00,,true,true,,,,,,https://cdn.shopify.com/s/files/1/0967/8818/5393/files/IMG-3331.png?v=1775591625,1,Tuesdays with Morrie by Mitch Albom by Author’s book & bookmarks – book cover,false,Tuesdays with Morrie by Mitch Albom | Author's Book & Bookmarks,Tuesdays with Morrie by Mitch Albom by Author’s book & bookmarks. Order your copy.,784,,,,,,,,,,,,,,,,,,,,,,,,,g,,,active
zen-by-shabnam-minwalla,Zen by Shabnam Minwalla,"<p><span>Zen by <a href=""chatgpt://generic-entity?number=0"">Shabnam Minwalla</a> is a heartfelt and coming-of-age story that captures the emotional chaos, quiet growth, and self-discovery of adolescence.</span></p>
<p> </p>
<p><span>The novel follows Aarav, a teenage boy trying to make sense of his world—friendships, family expectations, insecurities, and the constant pressure to “fit in.” When he meets Zen, a free-spirited and unconventional girl, his perspective begins to shift. Through their bond, Aarav is introduced to a different way of thinking—one that challenges his fears and pushes him to confront who he truly is.</span></p>
<p> </p>
<p><span>Warm, relatable, and deeply introspective, Zen explores themes of identity, mental health, and the courage it takes to embrace yourself in a world full of noise.</span></p>
<p> </p>
<p><span>With simple yet powerful storytelling, Shabnam Minwalla creates a narrative that feels real, raw, and comforting—especially for young readers navigating their own journeys.</span></p>",Author’s book & bookmarks,Media > Books,,,true,Title,Default Title,,,,,,,,,0.0,shopify,10,deny,manual,599.00,,true,true,,,,,,https://cdn.shopify.com/s/files/1/0967/8818/5393/files/IMG-3321.jpg?v=1775551432,1,Zen by Shabnam Minwalla by Author’s book & bookmarks – book cover,false,Zen by Shabnam Minwalla | Author's Book & Bookmarks,Zen by Shabnam Minwalla by Author’s book & bookmarks. Order your copy.,784,,,,,,,,,,,,,,,,,,,,,,,,,g,,,active
before-the-coffee-gets-cold-by-toshikazu-kawaguchi,Before the Coffee Gets Cold by Toshikazu Kawaguchi,"<p><span>Before the Coffee Gets Cold by <a href=""chatgpt://generic-entity?number=0"">Toshikazu Kawaguchi</a> is a beautifully imaginative and heartwarming novel that explores love, regret, and the quiet power of second chances.</span></p>
<p> </p>
<p><span>Set in a small, hidden café in <a href=""chatgpt://generic-entity?number=1"">Tokyo</a>, this story revolves around a curious urban legend: if you sit in a particular seat, you can travel back in time. But there are rules—strict ones. You cannot change the present, you must remain seated, and most importantly… you must return before your coffee gets cold.</span></p>
<p> </p>
<p><span>Through four interconnected stories, we meet people carrying unspoken words, unresolved emotions, and lingering “what ifs.” As they journey into the past, not to change fate but to understand it, each encounter becomes a tender reflection on relationships, forgiveness, and closure.</span></p>
<p> </p>
<p><span>Gentle, emotional, and quietly profound, Before the Coffee Gets Cold reminds us that even if we cannot rewrite our past, we can still change how we feel about it—and sometimes, that’s enough.</span></p>",Author’s book & bookmarks,Media > Books,,,true,Title,Default Title,,,,,,,,,0.0,shopify,10,deny,manual,550.00,,true,true,,,,,,https://cdn.shopify.com/s/files/1/0967/8818/5393/files/IMG-3320.png?v=1775550529,1,Before the Coffee Gets Cold by Toshikazu Kawaguchi by Author’s book & bookmarks – book cover,false,Before the Coffee Gets Cold by | Author's Book & Bookmarks,Before the Coffee Gets Cold by Toshikazu Kawaguchi by Author’s book & bookmarks. Order your copy.,784,,,,,,,,,,,,,,,,,,,,,,,,,g,,,active
the-book-of-everlasting-things-by-aanchal-malhotra,The Book of Everlasting Things by Aanchal Malhotra,"<p><span>The Book of Everlasting Things by <a href=""chatgpt://generic-entity?number=0"">Aanchal Malhotra</a> is a deeply moving and beautifully layered novel about love, memory, and the fragile threads that bind people across time and borders.</span></p>
<p> </p>
<p><span>Set against the backdrop of a divided past and a rapidly changing present, the story follows Samir and Fizza—two souls brought together by fate, yet constantly tested by circumstances beyond their control. Through letters, silences, and the weight of unspoken emotions, their relationship unfolds in ways that feel both intimate and universal.</span></p>
<p> </p>
<p><span>At its heart, this is not just a love story—it is a meditation on loss, longing, and the things that endure even when everything else fades. Malhotra weaves history, culture, and personal grief into a narrative that explores how memories shape us, and how some connections refuse to be erased by time, distance, or tragedy.</span></p>
<p> </p>
<p><span>With evocative prose and emotional depth, The Book of Everlasting Things captures the bittersweet beauty of love that lingers—quietly, persistently—long after the moment has passed.</span></p>",Author’s book & bookmarks,Media > Books,,,true,Title,Default Title,,,,,,,,,0.0,shopify,10,deny,manual,799.00,,true,true,,,,,,https://cdn.shopify.com/s/files/1/0967/8818/5393/files/IMG-3319.jpg?v=1775549657,1,The Book of Everlasting Things by Aanchal Malhotra by Author’s book & bookmarks – book cover,false,The Book of Everlasting Things by | Author's Book & Bookmarks,The Book of Everlasting Things by Aanchal Malhotra by Author’s book & bookmarks. Order your copy.,784,,,,,,,,,,,,,,,paperback,,,literature; book; historical-fiction,english,,,,adults,,g,,,active
maybe-you-should-talk-to-someone-by-lori-gottlieb,Maybe You Should Talk to Someone by Lori Gottlieb,"<p><span><a href=""chatgpt://generic-entity?number=0"">Maybe You Should Talk to Someone</a></span><span> by <a href=""chatgpt://generic-entity?number=1"">Lori Gottlieb</a> is not just a book—it’s an intimate journey into the human mind and heart. Blending memoir with real-life therapy sessions, this powerful narrative gives readers a rare, behind-the-scenes look at what truly happens inside a therapist’s office.</span></p>
<p> </p>
<p><span>At the center of the story is Lori herself—a therapist who spends her days helping others navigate their pain, fears, and broken pieces. But when her own life unexpectedly falls apart, she finds herself sitting on the other side of the room… as a patient. What unfolds is a deeply moving exploration of vulnerability, identity, love, loss, and the quiet struggles we all carry within us.</span></p>
<p> </p>
<p><span>Through the lives of her patients—a self-absorbed Hollywood producer, a newlywed facing a terminal illness, a young woman stuck in destructive patterns, and others—Lori reveals that pain doesn’t discriminate. No matter how different our lives look on the outside, we are all searching for connection, understanding, and meaning.</span></p>
<p> </p>
<p><span>What makes this book truly special is its honesty. It doesn’t try to “fix” you or give you perfect answers. Instead, it gently reminds you that it’s okay to be uncertain, to feel lost, and to not have everything figured out. With moments of humor, heartbreak, and profound insight, it shows how therapy isn’t about having someone tell you what to do—it’s about learning to listen to yourself.</span></p>
<p> </p>
<p><span>This is a book about being human in the rawest, most real way. It will make you reflect on your own life, your relationships, and the stories you tell yourself. And somewhere between its pages, you might just find a piece of your own story staring back at you.</span></p>",Author’s book & bookmarks,Media > Books,,,true,Title,Default Title,,,,,,,,,0.0,shopify,10,deny,manual,799.00,,true,true,,,,,,https://cdn.shopify.com/s/files/1/0967/8818/5393/files/IMG-3318.jpg?v=1775548611,1,Maybe You Should Talk to Someone by Lori Gottlieb by Author’s book & bookmarks – book cover,false,Maybe You Should Talk to Someone by | Author's Book & Bookmarks,Maybe You Should Talk to Someone by Lori Gottlieb by Author’s book & bookmarks. Order your copy.,784,,,,,,,,,,,,,,,,,,,,,,,,,g,,,active
lies-our-mothers-told-us-by-nilanjana-bhowmick,Lies Our Mothers Told Us By Nilanjana Bhowmick,"<p>Lies Our Mothers Told Us: The Indian Woman’s Burden (Aleph Book Company, 2022)<br>In this book, Nilanjana Bhowmick explores the structural constraints that impede empowerment and gender equality for middle-class women in India, weaving together personal stories and journalistic investigation. <br>Core Argument<br>The book examines how middle-class families have mastered the art of simulating an environment of empowerment in their homes, even as women continue to face subjugation and are pressured into conforming to outdated norms. Bhowmick asks whether, in a patriarchal society, the assertion that “women can have it all” comes at too high a price. <br>Key Themes<br> ∙ The Double Shift: The “double shift” refers to how women fulfill traditional housework and caregiving responsibilities alongside their professional commitments — and coupled with the “superwoman syndrome,” the modern Indian woman’s struggle remains largely invisible. <br> ∙ Mental Health: The book explores generational struggles with mental health, societal expectations, and domestic abuse, highlighting alarming rates of suicide among housewives and the lack of support for women facing domestic violence. <br> ∙ Caste and Class: Bhowmick also highlights how the caste factor further deepens the gender gap in India. <br> ∙ Generational Transmission: Women are caught in a toxic cycle, expected to outperform themselves on every front while paying little attention to their own mental, emotional, and professional development — and unpaid domestic work is shown to be a generational, not merely individual, phenomenon. <br>About the Author<br>Nilanjana Bhowmick has been a journalist for more than twenty-one years and has won three international awards for her reports on gender and development. <br>Critical Reception<br>The book provides several “a-ha” moments through the striking similarity of patterns across space and time, and effectively connects readers with the women whose experiences Bhowmick documents — functioning as a space where women feel heard. A noted criticism is that while it diagnoses the problem compellingly, it offers relatively few pathways forward or solutions.<br>It’s a work of narrative journalism and social analysis, comparable in spirit to books like Men Don’t Try or The Second Sex — but grounded specifically in the Indian middle-class experience.​​​​​​​​​​​​​​​​</p>",Author’s book & bookmarks,Media > Books,,,true,Title,Default Title,,,,,,,,,0.0,shopify,10,deny,manual,799.00,,true,true,,,,,,https://cdn.shopify.com/s/files/1/0967/8818/5393/files/IMG-3317.jpg?v=1775548053,1,Lies Our Mothers Told Us By Nilanjana Bhowmick by Author’s book & bookmarks – book cover,false,Lies Our Mothers Told Us By | Author's Book & Bookmarks,Lies Our Mothers Told Us By Nilanjana Bhowmick by Author’s book & bookmarks. Order your copy.,784,,,,,,,,,,,,,,,,,,,,,,,,,g,,,active
railsong-by-rahul-bhattacharya,RAILSONG by Rahul Bhattacharya,"<p>RAILSONG by Rahul Bhattacharya is a sweeping, elegiac, and at times wonderfully comic novel — a powerful portrait of a woman forging a life for herself amid the social and political upheavals of twentieth-century India. <br>At its heart is Miss Charulata Chitol — Charu — born to a Bihari mother and Bengali father in the fictional town of Bhombalpur in Bihar. Her father, a Railways chargeman, trades his Brahmin surname for the caste-free “Chitol” in an act of protest, setting the family on a lifelong path of defending their identity as India deepens its divisions. <br>After her mother dies young and her family faces strikes, famine, and hardship, Charu boards a train to Bombay at 16, determined to build a life on her own terms — eventually becoming a railway welfare inspector who witnesses the exploitation of the poor and the marginalized. <br>The novel spans 1961 to 1992, structured around India’s national census and the vast railway network, following Charu from a restless girl to the quietly ambitious Miss Chitol — navigating love, marriage, career, and a modernizing nation.</p>",Author’s book & bookmarks,Media > Books,,,true,Title,Default Title,,,,,,,,,0.0,shopify,10,deny,manual,799.00,,true,true,,,,,,https://cdn.shopify.com/s/files/1/0967/8818/5393/files/IMG-3316.png?v=1775547678,1,RAILSONG by Rahul Bhattacharya by Author’s book & bookmarks – book cover,false,RAILSONG by Rahul Bhattacharya | Author's Book & Bookmarks,RAILSONG by Rahul Bhattacharya by Author’s book & bookmarks. Order your copy.,784,,,,,,,,,,,,,,,,,,,,,,,,,g,,,active
the-outsider-a-memoir-for-misfits-by-vir-das,"The Outsider: A Memoir for Misfits
by Vir Das","<p>The Outsider: A Memoir for Misfits<br>by Vir Das<br>From the razor-sharp wit and boundless creativity of Vir Das — one of India’s most beloved and globally celebrated comedians, actor, and storyteller — comes a memoir that is unlike anything he has ever done before. Honest, vulnerable, and surprisingly profound, The Outsider: A Memoir for Misfits is the story behind the laughter, the man behind the microphone, and the misfit behind the mask.<br>With his signature blend of humor and heart, Vir Das takes readers on an deeply personal journey through a life spent feeling just slightly out of step with the world around him. From navigating the chaos of growing up between cultures, to finding his voice on stages across the globe, to standing tall in the face of controversy and criticism — this is a memoir that pulls no punches and spares no truths.<br>Vir Das has always made the world laugh. But in The Outsider, he invites us to do something far more meaningful — to listen. To sit with the uncomfortable, the awkward, and the uncertain. To understand that behind every joke is a real human being trying to make sense of a world that doesn’t always make sense back.<br>With warmth, candor, and that unmistakable Vir Das charm, this memoir speaks directly to everyone who has ever felt too loud for some rooms and too quiet for others, too Indian for the West and too Western for India, too much and yet never quite enough.<br>The Outsider: A Memoir for Misfits is ultimately a celebration — of individuality, of resilience, and of the beautiful, messy, glorious experience of never quite fitting in.<br>For every misfit who ever wondered if they’d find their place — Vir Das found his, and this is how.</p>",Author’s book & bookmarks,Media > Books,,,true,Title,Default Title,,,,,,,,,0.0,shopify,10,deny,manual,699.00,,true,true,,,,,,https://cdn.shopify.com/s/files/1/0967/8818/5393/files/IMG-3315.png?v=1775547101,1,"The Outsider: A Memoir for Misfits
by Vir Das by Author’s book & bookmarks – book cover",false,The Outsider: A Memoir for | Author's Book & Bookmarks,"The Outsider: A Memoir for Misfits
by Vir Das by Author’s book & bookmarks. Order your copy.",784,,,,,,,,,,,,,,,,,,,,,,,,,g,,,active
mother-mary-comes-to-me-by-arundhati-roy,"Mother Mary Comes to Me
by Arundhati Roy","<p>Mother Mary Comes to Me<br>by Arundhati Roy<br>From the pen of Arundhati Roy — the Booker Prize-winning author of The God of Small Things and fearless voice of modern literature — comes a work that is as intimate as it is expansive, as tender as it is thought-provoking.<br>Mother Mary Comes to Me is a sweeping exploration of faith, womanhood, and the invisible threads that connect us to our past, our people, and our purpose. Set against the rich and layered backdrop of India’s social and spiritual landscape, the story moves through generations of lives shaped by devotion, sacrifice, and the enduring search for grace.<br>At the heart of the narrative is a powerful meditation on what it means to be seen — truly seen — in a world that so often looks away. Roy’s characters are beautifully flawed, achingly real, and rendered with the kind of deep compassion that only the finest storytellers can achieve. Through their struggles and silences, their prayers and their doubts, she asks timeless questions: What do we inherit from those who came before us? What do we pass on? And in our darkest moments, where do we turn for comfort?<br>Roy’s prose is nothing short of extraordinary — lyrical yet precise, poetic yet grounded — carrying readers effortlessly between the sacred and the everyday, the personal and the political. Every sentence feels deliberate, every image carefully chosen, building a narrative that is as much a spiritual experience as it is a literary one.<br>Mother Mary Comes to Me is a book that does not simply tell a story — it holds a mirror up to the soul. It is a reminder that faith takes many forms, that love can be both a wound and a healing, and that even in the most broken of lives, there is something holy waiting to be found.<br>A must-read for lovers of literary fiction, spiritual narratives, and the kind of writing that stays with you long after you’ve turned the final page.</p>",Author’s book & bookmarks,Media > Books,,,true,Title,Default Title,,,,,,,,,0.0,shopify,7,deny,manual,699.00,899.00,true,true,,,,,,https://cdn.shopify.com/s/files/1/0967/8818/5393/files/IMG-3314.jpg?v=1775546820,1,"Mother Mary Comes to Me
by Arundhati Roy by Author’s book & bookmarks – book cover",false,"Mother Mary Comes to Me
by Arundhati | Author's Book & Bookmarks","Mother Mary Comes to Me
by Arundhati Roy by Author’s book & bookmarks. Add to your Indian literature collection.",784,,,,,,,,,,,,,,,,,,,,,,,,,g,,,active
a-shimla-affair-by-srishti-chaudhary,A Shimla Affair by Srishti Chaudhary,"<p><span>Step into a world of secrets, sisterhood, and history with <a href=""chatgpt://generic-entity?number=0"">A Shimla Affair</a> by <a href=""chatgpt://generic-entity?number=1"">Srishti Chaudhary</a></span></p>
<p> </p>
<p><span>Set against the dreamy yet mysterious backdrop of Shimla, this story brings together three sisters, one shared purpose, and a past that refuses to stay hidden. What seems calm on the surface slowly unfolds into something far more intense and gripping.</span></p>
<p> </p>
<p><span>📖 Blending history with emotion and intrigue, the book explores courage, relationships, and the strength of women bound by more than just family. It’s layered, engaging, and filled with quiet suspense.</span></p>
<p> </p>
<p><span>Like the hills wrapped in mist… this story is beautiful, but full of secrets waiting to be discovered. 🌫️✨</span></p>
<p> </p>
<p><span>Perfect for readers who enjoy historical drama, strong female characters, and stories that mix emotion with mystery.</span></p>
<p> </p>
<p><span>🌟 Why you’ll love it:</span></p>
<p><span>• Strong theme of sisterhood and resilience</span></p>
<p><span>• Beautiful historical backdrop</span></p>
<p><span>• Engaging and slightly mysterious narrative</span></p>
<p><span>• A perfect mix of emotion and intrigue</span></p>
<p> </p>
<p><span>📚 Add A Shimla Affair to your collection and uncover a story where every silence holds a secret.</span></p>",Author’s book & bookmarks,Media > Books,,,true,Title,Default Title,,,,,,,,,0.0,shopify,10,deny,manual,350.00,,true,true,,,,,,https://cdn.shopify.com/s/files/1/0967/8818/5393/files/IMG-3312.jpg?v=1775509985,1,A Shimla Affair by Srishti Chaudhary by Author’s book & bookmarks – book cover,false,A Shimla Affair by Srishti Chaudhary | Author's Book & Bookmarks,A Shimla Affair by Srishti Chaudhary by Author’s book & bookmarks. Order your copy.,784,,,,,,,,,,,,,,,,,,,,,,,,,g,,,active
singing-in-the-dark-by-k-satchidanandan-nishi-chawla,Singing in the Dark by K. Satchidanandan & Nishi Chawla,"<p><span>Step into a world where silence found its voice with <a href=""chatgpt://generic-entity?number=0"">Singing in the Dark</a> by <a href=""chatgpt://generic-entity?number=1"">K. Satchidanandan</a> &amp; <a href=""chatgpt://generic-entity?number=2"">Nishi Chawla</a></span></p>
<p> </p>
<p><span>Born during a time when the world slowed down, this collection brings together poets from across the globe—each capturing emotions we all felt but couldn’t always express.</span></p>
<p> </p>
<p><span>📖 From loneliness and uncertainty to hope and resilience, every poem reflects a shared human experience. It’s raw, real, and deeply connected to a moment we all lived through.</span></p>
<p> </p>
<p><span>Like a quiet voice in the dark… these words remind you that even in silence, there’s always something speaking within. 🌙✨</span></p>
<p> </p>
<p><span>Perfect for readers who love meaningful poetry, global voices, and stories that reflect real-life emotions.</span></p>
<p> </p>
<p><span>🌟 Why you’ll love it:</span></p>
<p><span>• A powerful collection of global poets</span></p>
<p><span>• Deep, relatable pandemic reflections</span></p>
<p><span>• Emotional and thought-provoking</span></p>
<p><span>• A unique snapshot of a historic moment</span></p>
<p> </p>
<p><span>📚 Add Singing in the Dark to your collection and revisit a time that changed us all—through poetry.</span></p>",Author’s book & bookmarks,Media > Books,,,true,Title,Default Title,,,,,,,,,0.0,shopify,10,deny,manual,450.00,,true,true,,,,,,https://cdn.shopify.com/s/files/1/0967/8818/5393/files/IMG-3310.jpg?v=1775509412,1,Singing in the Dark by K. Satchidanandan & Nishi Chawla by Author’s book & bookmarks – book cover,false,Singing in the Dark by K. | Author's Book & Bookmarks,Singing in the Dark by K. Satchidanandan & Nishi Chawla by Author’s book & bookmarks. Order your copy.,784,,,,,,,,,,,,,,,,,,,,,,,,,g,,,active
burning-roses-in-my-garden-by-taslima-nasrin,Burning Roses in My Garden by Taslima Nasrin,"<p><span>Step into a world where words carry both fire and fragility with <a href=""chatgpt://generic-entity?number=0"">Burning Roses in My Garden</a> by <a href=""chatgpt://generic-entity?number=1"">Taslima Nasrin</a></span></p>
<p> </p>
<p><span>This is not just poetry—it’s a voice that refuses to stay silent. A collection that speaks of exile, identity, love, and the quiet rebellions of a woman finding her truth in a world that often tries to suppress it.</span></p>
<p> </p>
<p><span>📖 Each poem feels raw and unapologetic, blending pain with strength, and vulnerability with defiance. It’s intense, honest, and deeply thought-provoking.</span></p>
<p> </p>
<p><span>Like roses that bloom through fire… these words are bold, fearless, and impossible to ignore. 🌹🔥</span></p>
<p> </p>
<p><span>Perfect for readers who appreciate powerful poetry, strong perspectives, and writing that challenges norms while touching the soul.</span></p>
<p> </p>
<p><span>🌟 Why you’ll love it:</span></p>
<p><span>• Bold and fearless voice</span></p>
<p><span>• Deep themes of identity and freedom</span></p>
<p><span>• Emotionally intense and thought-provoking</span></p>
<p><span>• Poetry that stays with you</span></p>
<p> </p>
<p><span>📚 Add Burning Roses in My Garden to your collection and experience poetry that speaks truth without holding back.</span></p>",Author’s book & bookmarks,Media > Books,,,true,Title,Default Title,,,,,,,,,0.0,shopify,10,deny,manual,399.00,,true,true,,,,,,https://cdn.shopify.com/s/files/1/0967/8818/5393/files/IMG-3309.jpg?v=1775509105,1,Burning Roses in My Garden by Taslima Nasrin by Author’s book & bookmarks – book cover,false,Burning Roses in My Garden by | Author's Book & Bookmarks,Burning Roses in My Garden by Taslima Nasrin by Author’s book & bookmarks. Order your copy.,784,,,,,,,,,,,,,,,,,,,,,,,,,g,,,active
the-namesake-by-jhumpa-lahiri,The Namesake by Jhumpa Lahiri,"<p><span>Some stories don’t try to be loud—they simply stay with you. <a href=""chatgpt://generic-entity?number=0"">The Namesake</a> by <a href=""chatgpt://generic-entity?number=1"">Jhumpa Lahiri</a> is one of those rare books.</span></p>
<p> </p>
<p><span>It quietly unfolds the life of Gogol Ganguli, capturing the in-between feeling of belonging everywhere and nowhere at once. It’s not just about a name—it’s about identity, expectations, love, and the invisible threads that tie us to our roots.</span></p>
<p> </p>
<p><span>📖 The beauty of this book lies in its simplicity. No dramatic twists, just real emotions, evolving relationships, and moments that feel deeply personal. It makes you reflect on your own life, your family, and the meaning behind who you are.</span></p>
<p> </p>
<p><span>Like an old photograph… it feels soft, nostalgic, and full of emotions you can’t quite put into words. 📷✨</span></p>
<p> </p>
<p><span>Perfect for readers who enjoy slow, meaningful stories that gently touch your heart and make you think long after you’re done.</span></p>
<p> </p>
<p><span>🌟 Why it stands out:</span></p>
<p><span>• Subtle yet powerful storytelling</span></p>
<p><span>• Deep exploration of identity and belonging</span></p>
<p><span>• Emotionally rich without being overwhelming</span></p>
<p><span>• A story that feels personal to every reader</span></p>
<p> </p>
<p><span>📚 The Namesake isn’t just read—it’s felt.</span></p>",Author’s book & bookmarks,Media > Books,,,true,Title,Default Title,,,,,,,,,0.0,shopify,10,deny,manual,450.00,,true,true,,,,,,https://cdn.shopify.com/s/files/1/0967/8818/5393/files/IMG-3300.png?v=1775464199,1,The Namesake by Jhumpa Lahiri by Author’s book & bookmarks – book cover,false,The Namesake by Jhumpa Lahiri | Author's Book & Bookmarks,The Namesake by Jhumpa Lahiri by Author’s book & bookmarks. Order your copy.,784,,,,,,,,,,,,,,,,,,,,,,,,,g,,,active
the-freedom-manifesto-by-karan-bajaj,The Freedom Manifesto by Karan Bajaj,"<p><span>Break free from limits and rewrite your own story with <a href=""chatgpt://generic-entity?number=0"">The Freedom Manifesto</a> by <a href=""chatgpt://generic-entity?number=1"">Karan Bajaj</a></span></p>
<p> </p>
<p><span>This isn’t just a book—it’s a mindset shift. A bold reminder that freedom isn’t something you wait for, it’s something you create. Whether it’s breaking away from routine, expectations, or self-doubt, this book pushes you to design a life that truly feels like yours.</span></p>
<p> </p>
<p><span>📖 Blending storytelling with powerful insights, it explores what it means to live intentionally, take risks, and step outside your comfort zone. It challenges you to question the “normal” and chase what genuinely fulfills you.</span></p>
<p> </p>
<p><span>Not loud, not preachy… but quietly powerful—like a voice inside you saying, there’s more to life than this. 🌊✨</span></p>
<p> </p>
<p><span>Perfect for readers who feel stuck, crave change, or want to explore a more meaningful and unconventional path.</span></p>
<p> </p>
<p><span>🌟 Why you’ll love it:</span></p>
<p><span>• Inspires you to think differently about life</span></p>
<p><span>• Encourages bold choices and self-discovery</span></p>
<p><span>• A mix of story and practical wisdom</span></p>
<p><span>• Perfect for reflective, soul-searching reads</span></p>
<p> </p>
<p><span>📚 Add The Freedom Manifesto to your collection and start building a life that feels truly free.</span></p>",Author’s book & bookmarks,Media > Books,,,true,Title,Default Title,,,,,,,,,0.0,shopify,10,deny,manual,399.00,,true,true,,,,,,https://cdn.shopify.com/s/files/1/0967/8818/5393/files/IMG-3299.png?v=1775463239,1,The Freedom Manifesto by Karan Bajaj by Author’s book & bookmarks – book cover,false,The Freedom Manifesto by Karan Bajaj | Author's Book & Bookmarks,The Freedom Manifesto by Karan Bajaj by Author’s book & bookmarks. Order your copy.,784,,,,,,,,,,,,,,,,,,,,,,,,,g,,,active
11-rules-for-life-by-chetan-bhagat,11 Rules for Life by Chetan Bhagat,"<p><span>Step into a thought-provoking journey of discipline and self-discovery with <a href=""chatgpt://generic-entity?number=0"">11 Rules for Life</a> by <a href=""chatgpt://generic-entity?number=1"">Chetan Bhagat</a></span></p>
<p> </p>
<p><span>A practical and relatable guide that shares simple yet powerful rules to navigate life with clarity and purpose. This book breaks down complex life lessons into easy, actionable ideas you can actually follow.</span></p>
<p> </p>
<p><span>📖 Through personal insights and real-life examples, it encourages you to take responsibility, stay disciplined, and focus on what truly matters. It’s straightforward, honest, and easy to connect with.</span></p>
<p> </p>
<p><span>Just like advice from a mentor… this book is clear, motivating, and keeps you grounded. 💡📘</span></p>
<p> </p>
<p><span>Perfect for readers who want direction, self-improvement, and practical life lessons without overcomplication.</span></p>
<p> </p>
<p><span>🌟 Why you’ll love it:</span></p>
<p><span>• Simple and easy-to-follow life rules</span></p>
<p><span>• Relatable and practical advice</span></p>
<p><span>• Motivates you to take action</span></p>
<p><span>• Great for quick, impactful reading</span></p>
<p> </p>
<p><span>📚 Add 11 Rules for Life to your collection and start building a more focused and meaningful life.</span></p>",Author’s book & bookmarks,Media > Books,,,true,Title,Default Title,,,,,,,,,0.0,shopify,10,deny,manual,250.00,,true,true,,,,,,https://cdn.shopify.com/s/files/1/0967/8818/5393/files/IMG-3297.png?v=1775462927,1,11 Rules for Life by Chetan Bhagat by Author’s book & bookmarks – book cover,false,11 Rules for Life by Chetan Bhagat | Author's Book & Bookmarks,11 Rules for Life by Chetan Bhagat by Author’s book & bookmarks. Add to your Indian literature collection.,784,,,,,,,,,,,,,,,,,,,,,,,,,g,,,active
how-to-win-friends-and-influence-people-by-dale-carnegie,How To Win Friends And Influence People By Dale Carnegie,"<p><span>Step into the timeless world of connection and influence with <a href=""chatgpt://generic-entity?number=0"">How to Win Friends and Influence People</a> by <a href=""chatgpt://generic-entity?number=1"">Dale Carnegie</a></span></p>
<p> </p>
<p><span>A classic guide that transforms the way you communicate, build relationships, and understand people. This book isn’t about manipulation—it’s about genuine connection, empathy, and becoming someone others naturally trust and respect.</span></p>
<p> </p>
<p><span>📖 Through real-life examples and simple yet powerful principles, it teaches you how to handle conversations, make people feel valued, and leave a lasting positive impression. It’s practical, timeless, and incredibly effective.</span></p>
<p> </p>
<p><span>Just like a good conversation… this book is engaging, insightful, and stays with you long after you’ve finished. 🤝✨</span></p>
<p> </p>
<p><span>Perfect for readers who want to improve communication skills, build meaningful relationships, and grow both personally and professionally.</span></p>
<p> </p>
<p><span>🌟 Why you’ll love it:</span></p>
<p><span>• Timeless principles that still work today</span></p>
<p><span>• Improves communication and confidence</span></p>
<p><span>• Helps build strong, genuine relationships</span></p>
<p><span>• Easy to read with real-life examples</span></p>
<p> </p>
<p><span>📚 Add How to Win Friends and Influence People to your collection and start mastering the art of people skills.</span></p>",Author’s book & bookmarks,Media > Books,,,true,Title,Default Title,,,,,,,,,0.0,shopify,10,deny,manual,199.00,,true,true,,,,,,https://cdn.shopify.com/s/files/1/0967/8818/5393/files/IMG-3296.png?v=1775462676,1,How To Win Friends And Influence People By Dale Carnegie by Author’s book & bookmarks – book cover,false,How To Win Friends And Influence | Author's Book & Bookmarks,How To Win Friends And Influence People By Dale Carnegie by Author’s book & bookmarks. Get your copy and start today.,784,,,,,,,,,,,,,,,,,,,,,,,,,g,,,active
the-art-of-letting-go-by-damon-zahariades,The Art of Letting Go by Damon Zahariades,"<p><span>Step into a calm, healing journey with <a href=""chatgpt://generic-entity?number=0"">The Art of Letting Go</a> by <a href=""chatgpt://generic-entity?number=1"">Damon Zahariades</a></span></p>
<p> </p>
<p><span>A gentle yet powerful guide that teaches you how to release what no longer serves you—be it past pain, toxic thoughts, or emotional baggage. This book helps you make peace with your past and create space for a lighter, happier life.</span></p>
<p> </p>
<p><span>📖 Through practical strategies and relatable insights, it shows you how to detach from negativity, stop overthinking, and regain emotional control. It’s simple, clear, and deeply freeing.</span></p>
<p> </p>
<p><span>Just like a deep breath… this book is calming, refreshing, and helps you reset from within. 🌿✨</span></p>
<p> </p>
<p><span>Perfect for readers who want to heal, move on, and embrace a more peaceful mindset—without feeling overwhelmed.</span></p>
<p> </p>
<p><span>🌟 Why you’ll love it:</span></p>
<p><span>• Easy-to-understand and practical advice</span></p>
<p><span>• Helps release emotional baggage</span></p>
<p><span>• Encourages inner peace and clarity</span></p>
<p><span>• Ideal for slow, mindful reading</span></p>
<p> </p>
<p><span>📚 Add The Art of Letting Go to your collection and begin your journey toward peace and freedom.</span></p>",Author’s book & bookmarks,Media > Books,,,true,Title,Default Title,,,,,,,,,0.0,shopify,10,deny,manual,299.00,,true,true,,,,,,https://cdn.shopify.com/s/files/1/0967/8818/5393/files/IMG-3295.png?v=1775462415,1,The Art of Letting Go by Damon Zahariades by Author’s book & bookmarks – book cover,false,The Art of Letting Go by Damon | Author's Book & Bookmarks,The Art of Letting Go by Damon Zahariades by Author’s book & bookmarks. Order your copy.,784,,,,,,,,,,,,,,,paperback,,,self-help-personal-development,english,,,,adults,,g,,,active
do-it-today-by-darius-foroux,Do It Today by Darius Foroux,"<p><span>Step into a focused, no-excuses mindset with <a href=""chatgpt://generic-entity?number=0"">Do It Today</a> by <a href=""chatgpt://generic-entity?number=1"">Darius Foroux</a></span></p>
<p> </p>
<p><span>A powerful guide that pushes you to stop procrastinating and start taking action—today. This book isn’t about motivation that fades, it’s about building discipline that stays. It helps you cut distractions, take control of your time, and actually get things done.</span></p>
<p> </p>
<p><span>📖 Through practical advice and straightforward insights, this book shows you how to overcome laziness, stay consistent, and focus on what truly matters. It’s simple, direct, and exactly what you need when you feel stuck.</span></p>
<p> </p>
<p><span>Just like a strong cup of coffee… this book is sharp, energizing, and wakes you up to reality. ☕🔥</span></p>
<p> </p>
<p><span>Perfect for readers who want to boost productivity, build discipline, and take charge of their life—no overthinking, just action.</span></p>
<p> </p>
<p><span>🌟 Why you’ll love it:</span></p>
<p><span>• Straightforward and practical advice</span></p>
<p><span>• Helps you beat procrastination</span></p>
<p><span>• Builds discipline and focus</span></p>
<p><span>• Quick, impactful, and easy to apply</span></p>
<p> </p>
<p><span>📚 Add Do It Today to your collection and start becoming the person who actually gets things done.</span></p>",Author’s book & bookmarks,Media > Books,,,true,Title,Default Title,,,,,,,,,0.0,shopify,10,deny,manual,299.00,,true,true,,,,,,https://cdn.shopify.com/s/files/1/0967/8818/5393/files/IMG-3294.png?v=1775462038,1,Do It Today by Darius Foroux by Author’s book & bookmarks – book cover,false,Do It Today by Darius Foroux | Author's Book & Bookmarks,Do It Today by Darius Foroux by Author’s book & bookmarks. Order your copy.,784,,,,,,,,,,,,,,,,,,,,,,,,,g,,,active
lallan-sweets-by-srishti-chaudhary,Lallan Sweets by Srishti Chaudhary,"<p><span>Step into a warm, nostalgic world with <a href=""chatgpt://generic-entity?number=0"">Lallan Sweets</a> by <a href=""chatgpt://generic-entity?number=1"">Srishti Chaudhary</a></span></p>
<p> </p>
<p><span>A delightful story that blends love, tradition, and the sweetness of life—set around a charming sweet shop that holds more than just desserts. It’s a place filled with memories, emotions, and stories that connect generations.</span></p>
<p> </p>
<p><span>📖 Through relatable characters and heartfelt moments, this novel explores relationships, dreams, and the beauty of simple joys. It captures the essence of Indian culture, family bonds, and the little things that truly matter.</span></p>
<p> </p>
<p><span>Just like your favorite mithai… this story is sweet, comforting, and unforgettable. 💛</span></p>
<p> </p>
<p><span>Perfect for readers who enjoy light, feel-good stories with emotional depth and a touch of desi charm, this book offers a refreshing and cozy reading experience.</span></p>
<p> </p>
<p><span>🌟 Why you’ll love it:</span></p>
<p><span>• A warm and feel-good storyline</span></p>
<p><span>• Strong emotional and cultural connection</span></p>
<p><span>• Simple, engaging, and relatable writing</span></p>
<p><span>• Perfect for light reading and cozy vibes</span></p>
<p> </p>
<p><span>📚 Add <a href=""chatgpt://generic-entity?number=2"">Lallan Sweets</a> to your collection today and enjoy a story that feels like home.</span></p>",Author’s book & bookmarks,Media > Books,,,true,Title,Default Title,,,,,,,,,0.0,shopify,10,deny,manual,350.00,,true,true,,,,,,https://cdn.shopify.com/s/files/1/0967/8818/5393/files/IMG-3046.png?v=1775002345,1,Lallan Sweets by Srishti Chaudhary by Author’s book & bookmarks – book cover,false,Lallan Sweets by Srishti Chaudhary | Author's Book & Bookmarks,Lallan Sweets by Srishti Chaudhary by Author’s book & bookmarks. Order your copy.,784,,,,,,,,,,,,,,,,,,,,,,,,,g,,,active
people-we-meet-on-vacation-by-emily-henry,People We Meet on Vacation by Emily Henry,"<p><span><span class=""Apple-converted-space""> </span>Escape into a beautiful story of friendship and love with <a href=""chatgpt://generic-entity?number=0"">People We Meet on Vacation</a> by <a href=""chatgpt://generic-entity?number=1"">Emily Henry</a></span></p>
<p> </p>
<p><span>A heartwarming and emotional romance that follows two best friends who take one vacation together every year—despite being completely opposite in personality. But after one trip changes everything, they stop speaking… until they decide to take one last vacation to fix what’s broken.</span></p>
<p> </p>
<p><span>📖 Through sun-soaked destinations, shared memories, and unspoken feelings, this story explores the fine line between friendship and love. It’s filled with laughter, nostalgia, and moments that feel real and deeply relatable.</span></p>
<p> </p>
<p><span>Sometimes the right person has been there all along… you just need the right moment to see it. 💛</span></p>
<p> </p>
<p><span>This bestselling novel is perfect for readers who love slow-burn romance, emotional storytelling, and stories that feel like a warm escape. Whether you’re dreaming of travel or meaningful connections, this book will stay with you.</span></p>
<p> </p>
<p><span>🌟 Why you’ll love it:</span></p>
<p><span>• A beautiful friends-to-lovers romance</span></p>
<p><span>• Emotional, relatable, and engaging story</span></p>
<p><span>• Travel vibes with heartfelt moments</span></p>
<p><span>• Perfect for romance lovers and casual readers</span></p>
<p> </p>
<p><span>📚 Add <a href=""chatgpt://generic-entity?number=2"">People We Meet on Vacation</a> to your collection today and fall in love with a story that feels like a perfect getaway.</span></p>",Author’s book & bookmarks,,,,true,Title,Default Title,,,,,,,,,0.0,shopify,0,deny,manual,0.00,,true,true,,,,,,https://cdn.shopify.com/s/files/1/0967/8818/5393/files/IMG-3045.png?v=1775002024,1,People We Meet on Vacation by Emily Henry by Author’s book & bookmarks – book cover,false,People We Meet on Vacation by Emily | Author's Book & Bookmarks,People We Meet on Vacation by Emily Henry by Author’s book & bookmarks. Order your copy.,Media > Books,,,,,,,,,,,,,,,,,,,,,,,,,g,,,active
the-do-over-by-lynn-painter,The Do-Over by Lynn Painter,"<p><span><span class=""Apple-converted-space""> </span>Step into a heartfelt story of second chances with <a href=""chatgpt://generic-entity?number=0"">The Do-Over</a> by <a href=""chatgpt://generic-entity?number=1"">Lynn Painter</a></span></p>
<p> </p>
<p><span>A refreshing and emotional young adult romance that captures the magic of starting over. What if you could relive the same day again and again… and fix everything that went wrong?</span></p>
<p> </p>
<p><span>📖 This charming story follows a girl stuck in a time loop on Valentine’s Day, forced to face heartbreak, awkward moments, and unexpected emotions—until she begins to see life, love, and herself in a completely new way.</span></p>
<p> </p>
<p><span>Filled with humor, romance, and self-discovery, this book is a perfect blend of lighthearted moments and meaningful lessons.</span></p>
<p> </p>
<p><span>Sometimes, all you need… is one more chance. 💕</span></p>
<p> </p>
<p><span>Perfect for readers who love cute romances with a twist, this story will make you smile, feel, and believe in new beginnings. Whether you’re into rom-com vibes or emotional growth journeys, this book is a delightful addition to your collection.</span></p>
<p> </p>
<p><span>🌟 Why you’ll love it:</span></p>
<p><span>• A unique time-loop romance concept</span></p>
<p><span>• Fun, relatable, and easy-to-read writing</span></p>
<p><span>• A mix of humor, love, and self-growth</span></p>
<p><span>• Perfect for young adult and rom-com lovers</span></p>
<p> </p>
<p><span>📚 Add <a href=""chatgpt://generic-entity?number=2"">The Do-Over</a> to your collection today and experience a story full of heart, hope, and second chances.</span></p>",Author’s book & bookmarks,Media > Books,,,true,Title,Default Title,,,,,,,,,0.0,shopify,9,deny,manual,499.00,,true,true,,,,,,https://cdn.shopify.com/s/files/1/0967/8818/5393/files/IMG-3044.png?v=1775001739,1,The Do-Over by Lynn Painter by Author’s book & bookmarks – book cover,false,The Do-Over by Lynn Painter | Author's Book & Bookmarks,The Do-Over by Lynn Painter by Author’s book & bookmarks. Order your copy.,784,,,,,,,,,,,,,,,,,,,,,,,,,g,,,active
sapiens-a-brief-history-of-humankind-by-yuval-noah-harari,Sapiens: A Brief History of Humankind by Yuval Noah Harari,"<p><span><span class=""Apple-converted-space""> </span>Explore the story of humanity like never before with <a href=""chatgpt://generic-entity?number=0"">Sapiens: A Brief History of Humankind</a> by <a href=""chatgpt://generic-entity?number=1"">Yuval Noah Harari</a></span></p>
<p> </p>
<p><span>A groundbreaking book that takes you on a fascinating journey through the history of humankind—from the earliest humans to the modern world. It challenges the way you think about society, culture, and the forces that shaped our existence.</span></p>
<p> </p>
<p><span>📖 Blending history, science, and philosophy, this book explains how humans evolved, built civilizations, and created systems like money, religion, and governments. It offers powerful insights into why we live the way we do today.</span></p>
<p> </p>
<p><span>This isn’t just history… it’s a new perspective on life itself. 🌌</span></p>
<p> </p>
<p><span>Thought-provoking, bold, and eye-opening, this international bestseller has transformed the way millions understand the world. If you’re curious about humanity, behavior, and the future, this book is a must-read.</span></p>
<p> </p>
<p><span>🌟 Why you’ll love it:</span></p>
<p><span>• A unique and engaging take on human history</span></p>
<p><span>• Combines science, history, and philosophy</span></p>
<p><span>• Easy-to-understand yet deeply insightful</span></p>
<p><span>• Expands your perspective on life and society</span></p>
<p> </p>
<p><span>📚 Add <a href=""chatgpt://generic-entity?number=2"">Sapiens: A Brief History of Humankind</a> to your collection today and discover the story behind who we are.</span></p>",Author’s book & bookmarks,Media > Books,,,true,Title,Default Title,,,,,,,,,0.0,shopify,10,deny,manual,799.00,,true,true,,,,,,https://cdn.shopify.com/s/files/1/0967/8818/5393/files/IMG-3043.png?v=1775001404,1,Sapiens: A Brief History of Humankind by Yuval Noah Harari by Author’s book & bookmarks – book cover,false,Sapiens: A Brief History of | Author's Book & Bookmarks,Sapiens: A Brief History of Humankind by Yuval Noah Harari by Author’s book & bookmarks. Order your copy.,784,,,,,,,,,,,,,,,,,,,,,,,,,g,,,active
the-trial-by-franz-kafka,The Trial by Franz Kafka,"<p><span>Enter a world of mystery, absurdity, and psychological depth with <a href=""chatgpt://generic-entity?number=0"">The Trial</a> by <a href=""chatgpt://generic-entity?number=1"">Franz Kafka</a></span></p>
<p> </p>
<p><span>A haunting and timeless classic that follows a man suddenly arrested for a crime he is never told about. As he struggles to defend himself in a strange and oppressive system, the story unfolds into a powerful exploration of guilt, authority, and the confusion of modern life.</span></p>
<p> </p>
<p><span>📖 Through its dark and surreal narrative, this novel captures the feeling of helplessness in the face of an unknowable system—where logic fades and uncertainty takes over. It’s intense, thought-provoking, and deeply symbolic.</span></p>
<p> </p>
<p><span>This isn’t just a story… it’s a reflection of fear, control, and the human condition. 🖤</span></p>
<p> </p>
<p><span>Perfect for readers who enjoy classic literature with deep meaning and philosophical themes, this masterpiece continues to resonate across generations. If you’re looking for a book that challenges your thinking and stays with you long after reading, this is a must-have.</span></p>
<p> </p>
<p><span>🌟 Why you’ll love it:</span></p>
<p><span>• A timeless literary classic</span></p>
<p><span>• Deep psychological and philosophical themes</span></p>
<p><span>• Unique and surreal storytelling style</span></p>
<p><span>• A story that sparks thought and discussion</span></p>
<p> </p>
<p><span>📚 Add <a href=""chatgpt://generic-entity?number=2"">The Trial</a> to your collection today and experience one of the most influential works of modern literature.</span></p>",Author’s book & bookmarks,Media > Books,,,true,Title,Default Title,,,,,,,,,0.0,shopify,10,deny,manual,399.00,,true,true,,,,,,https://cdn.shopify.com/s/files/1/0967/8818/5393/files/IMG-3041.jpg?v=1775000972,1,The Trial by Franz Kafka by Author’s book & bookmarks – book cover,false,The Trial by Franz Kafka | Author's Book & Bookmarks,The Trial by Franz Kafka by Author’s book & bookmarks. Order your copy.,784,,,,,,,,,,,,,,,,,,,,,,,,,g,,,active
the-mountain-is-you-by-brianna-wiest,The Mountain Is You by Brianna Wiest,"<p><span>Transform your mindset and unlock your true potential with <a href=""chatgpt://generic-entity?number=0"">The Mountain Is You</a> by <a href=""chatgpt://generic-entity?number=1"">Brianna Wiest</a></span></p>
<p> </p>
<p><span>A powerful guide to understanding self-sabotage and turning your biggest obstacles into your greatest strengths. This book beautifully explains how the challenges you face are often created within—and how you have the power to overcome them.</span></p>
<p> </p>
<p><span>📖 Through deep insights and practical wisdom, it helps you recognize destructive patterns, heal emotional wounds, and build a stronger, more self-aware version of yourself. It’s not just about success—it’s about inner transformation.</span></p>
<p> </p>
<p><span>The mountain standing in your way… is you. And that’s the most powerful realization of all. ⛰️</span></p>
<p> </p>
<p><span>This book is perfect for anyone on a journey of self-growth, healing, and personal development. Whether you’re feeling stuck, overwhelmed, or ready to level up your life, this read will guide you every step of the way.</span></p>
<p> </p>
<p><span>🌟 Why you’ll love it:</span></p>
<p><span>• Deep insights into self-sabotage and emotional patterns</span></p>
<p><span>• Helps build self-awareness and mental strength</span></p>
<p><span>• Inspiring and easy-to-understand writing style</span></p>
<p><span>• Perfect for personal growth and mindset improvement</span></p>
<p> </p>
<p><span>📚 Add <a href=""chatgpt://generic-entity?number=2"">The Mountain Is You</a> to your collection today and start becoming the best version of yourself.</span></p>",Author’s book & bookmarks,Media > Books,,,true,Title,Default Title,,,,,,,,,0.0,shopify,10,deny,manual,399.00,,true,true,,,,,,https://cdn.shopify.com/s/files/1/0967/8818/5393/files/IMG-3040.png?v=1775000590,1,The Mountain Is You by Brianna Wiest by Author’s book & bookmarks – book cover,false,The Mountain Is You by Brianna Wiest | Author's Book & Bookmarks,The Mountain Is You by Brianna Wiest by Author’s book & bookmarks. Order your copy.,784,,,,,,,,,,,,,,,,,,,,,,,,,g,,,active
the-vegetarian-by-han-kang,The Vegetarian by Han Kang,"<p><span>Step into a haunting and thought-provoking world with <a href=""chatgpt://generic-entity?number=0"">The Vegetarian</a> by <a href=""chatgpt://generic-entity?number=1"">Han Kang</a></span></p>
<p> </p>
<p><span>A powerful and deeply unsettling novel that explores the boundaries of human desire, control, and identity. What begins as a simple decision—to stop eating meat—slowly transforms into a quiet rebellion that disrupts everything around it.</span></p>
<p> </p>
<p><span>📖 Told through multiple perspectives, this story reveals how one woman’s choice challenges societal norms, relationships, and the expectations placed upon her. As the narrative unfolds, it dives into themes of autonomy, violence, and the human psyche in a way that is both disturbing and mesmerizing.</span></p>
<p> </p>
<p><span>This isn’t a typical story—it’s an experience that lingers in your mind long after you’ve finished reading.</span></p>
<p> </p>
<p><span>Raw. Uncomfortable. Unforgettable. 🖤</span></p>
<p> </p>
<p><span>Perfect for readers who enjoy literary fiction with deep meaning and psychological depth, this internationally acclaimed novel offers a unique reading experience unlike any other.</span></p>
<p> </p>
<p><span>🌟 Why you’ll love it:</span></p>
<p><span>• Deep, symbolic and thought-provoking storytelling</span></p>
<p><span>• Unique narrative style with multiple perspectives</span></p>
<p><span>• Explores themes of identity, control, and rebellion</span></p>
<p><span>• Award-winning and globally recognized novel</span></p>
<p> </p>
<p><span>📚 Add <a href=""chatgpt://generic-entity?number=2"">The Vegetarian</a> to your collection today and discover a story that challenges the way you think and feel.</span></p>",Author’s book & bookmarks,Media > Books,,,true,Title,Default Title,,,,,,,,,0.0,shopify,6,deny,manual,399.00,499.00,true,true,,,,,,https://cdn.shopify.com/s/files/1/0967/8818/5393/files/IMG-3039.png?v=1775000117,1,The Vegetarian by Han Kang by Author’s book & bookmarks – book cover,false,The Vegetarian by Han Kang | Author's Book & Bookmarks,The Vegetarian by Han Kang by Author’s book & bookmarks. Order your copy.,784,,,,,,,,,,,,,,,,,,,,,,,,,g,,,active
deep-work-by-cal-newport,Deep Work by Cal Newport,"<p><span>Take control of your focus and productivity with <a href=""chatgpt://generic-entity?number=0"">Deep Work</a> by <a href=""chatgpt://generic-entity?number=1"">Cal Newport</a></span></p>
<p> </p>
<p><span>In today’s fast-paced, distraction-filled world, the ability to focus deeply has become rare—and incredibly valuable. This powerful book introduces the concept of “deep work,” a skill that allows you to achieve more in less time while producing high-quality results.</span></p>
<p> </p>
<p><span>📖 Through practical insights and real-world examples, this book teaches you how to eliminate distractions, improve concentration, and build habits that lead to success in both your personal and professional life.</span></p>
<p> </p>
<p><span>Whether you’re a student, entrepreneur, or working professional, mastering deep work can completely transform the way you think, learn, and perform.</span></p>
<p> </p>
<p><span>This isn’t just a productivity book… it’s a life-changing skill. ⚡</span></p>
<p> </p>
<p><span>If you want to level up your focus, reduce distractions, and achieve meaningful results, this book is a must-have in your collection.</span></p>
<p> </p>
<p><span>🌟 Why you’ll love it:</span></p>
<p><span>• Proven strategies to improve focus and productivity</span></p>
<p><span>• Helps you eliminate distractions in a digital world</span></p>
<p><span>• Practical and easy-to-apply techniques</span></p>
<p><span>• Perfect for students, creators, and professionals</span></p>
<p> </p>
<p><span>📚 Add <a href=""chatgpt://generic-entity?number=2"">Deep Work</a> to your collection today and start working smarter, not harder.</span></p>",Author’s book & bookmarks,Media > Books,,,true,Title,Default Title,,,,,,,,,0.0,shopify,10,deny,manual,399.00,,true,true,,,,,,https://cdn.shopify.com/s/files/1/0967/8818/5393/files/IMG-3038.png?v=1774999787,1,Deep Work by Cal Newport by Author’s book & bookmarks – book cover,false,Deep Work by Cal Newport | Author's Book & Bookmarks,Deep Work by Cal Newport by Author’s book & bookmarks. Get your copy and start today.,784,,,,,,,,,,,,,,,,,,,,,,,,,g,,,active
the-book-thief-by-markus-zusak,The Book Thief by Markus Zusak,"<p><span>Experience one of the most powerful stories ever written with <a href=""chatgpt://generic-entity?number=0"">The Book Thief</a> by <a href=""chatgpt://generic-entity?number=1"">Markus Zusak</a></span></p>
<p> </p>
<p><span>Set in Nazi Germany, this unforgettable novel tells the story of a young girl who finds comfort in stealing books and sharing their words during one of the darkest times in history. Narrated in a unique and haunting way, the story beautifully captures the power of words, love, and humanity.</span></p>
<p> </p>
<p><span>📖 Through moments of loss, friendship, and quiet courage, you’ll witness how stories can become a form of resistance, hope, and survival. It’s emotional, poetic, and deeply moving—leaving an impact long after the final page.</span></p>
<p> </p>
<p><span>This is not just a book… it’s a journey through life, death, and everything in between. 🖤</span></p>
<p> </p>
<p><span>Perfect for readers who love meaningful, thought-provoking, and emotional storytelling, this global bestseller has touched millions of hearts worldwide. If you’re looking for a book that makes you feel deeply and think differently, this is a must-have.</span></p>
<p> </p>
<p><span>🌟 Why you’ll love it:</span></p>
<p><span>• A unique and unforgettable narrative style</span></p>
<p><span>• Deeply emotional and thought-provoking story</span></p>
<p><span>• Beautiful writing that stays with you</span></p>
<p><span>• A timeless classic loved by readers worldwide</span></p>
<p> </p>
<p><span>📚 Add <a href=""chatgpt://generic-entity?number=2"">The Book Thief</a> to your collection today and discover the extraordinary power of words.</span></p>",Author’s book & bookmarks,Media > Books,,,true,Title,Default Title,,,,,,,,,0.0,shopify,10,deny,manual,599.00,,true,true,,,,,,https://cdn.shopify.com/s/files/1/0967/8818/5393/files/IMG-3037.png?v=1774999547,1,The Book Thief by Markus Zusak by Author’s book & bookmarks – book cover,false,The Book Thief by Markus Zusak | Author's Book & Bookmarks,The Book Thief by Markus Zusak by Author’s book & bookmarks. Order your copy.,784,,,,,,,,,,,,,,,paperback,,,historical-fiction; drama; literature,english,,,,teens-young-adults; adults,,g,,,active
the-silent-patient-by-alex-michaelides,The Silent Patient by Alex Michaelides,"<p><span>Step into the world of mystery and psychological suspense with <a href=""chatgpt://generic-entity?number=0"">The Silent Patient</a> by <a href=""chatgpt://generic-entity?number=1"">Alex Michaelides</a></span></p>
<p> </p>
<p><span>A gripping thriller that will keep you hooked from the very first page to the shocking final twist. This story revolves around a woman who commits a violent act—and then suddenly stops speaking… forever.</span></p>
<p> </p>
<p><span>📖 As a psychotherapist becomes obsessed with uncovering the truth behind her silence, the story unfolds layer by layer, revealing dark secrets, hidden motives, and a past that refuses to stay buried.</span></p>
<p> </p>
<p><span>Every page pulls you deeper into a mind-bending journey where nothing is what it seems. Just when you think you’ve figured it out… the story takes a turn you’ll never see coming.</span></p>
<p> </p>
<p><span>This isn’t just a thriller—it’s a puzzle. 🧩</span></p>
<p> </p>
<p><span>Perfect for readers who love suspense, mystery, and psychological drama, this international bestseller has captivated millions around the world. If you enjoy stories that keep you guessing till the end, this book is a must-have for your collection.</span></p>
<p> </p>
<p><span>🌟 Why you’ll love it:</span></p>
<p><span>• A fast-paced, page-turning thriller</span></p>
<p><span>• Unpredictable twists and a shocking ending</span></p>
<p><span>• Deep psychological storytelling</span></p>
<p><span>• Perfect for mystery &amp; suspense lovers</span></p>
<p> </p>
<p><span>📚 Add <a href=""chatgpt://generic-entity?number=2"">The Silent Patient</a> to your collection today and experience one of the most talked-about thrillers of all time.</span></p>",Author’s book & bookmarks,Media > Books,,,true,Title,Default Title,,,,,,,,,0.0,shopify,9,deny,manual,699.00,,true,true,,,,,,https://cdn.shopify.com/s/files/1/0967/8818/5393/files/IMG-3036.jpg?v=1774999291,1,The Silent Patient by Alex Michaelides by Author’s book & bookmarks – book cover,false,The Silent Patient by Alex | Author's Book & Bookmarks,The Silent Patient by Alex Michaelides by Author’s book & bookmarks. Order your copy.,784,,,,,,,,,,,,,,,,,,,,,,,,,g,,,active
she-was-only-mine-by-abhinav-ojha,She Was Only Mine By Abhinav Ojha,"<p><span>Dive into a modern love story with <a href=""chatgpt://generic-entity?number=0"">She Was Only Mine</a> by <a href=""chatgpt://generic-entity?number=1"">Abhinav Ojha</a></span></p>
<p> </p>
<p><span>A heartfelt tale that beautifully captures the innocence of love, the pain of misunderstandings, and the emotions we often leave unspoken. This story takes you on a journey through relationships, timing, and the bittersweet reality that not every love story gets its perfect ending.</span></p>
<p> </p>
<p><span>📖 Through relatable characters and real-life emotions, this book explores what it truly means to love someone deeply — and what happens when life takes unexpected turns. It’s soft, emotional, and something every reader can connect with.</span></p>
<p> </p>
<p><span>This isn’t just a love story… it’s a feeling. 💕</span></p>
<p> </p>
<p><span>If you enjoy romantic reads filled with emotions, memories, and a touch of heartbreak, this book is a perfect addition to your collection. Whether you’re a hopeless romantic or someone who appreciates realistic storytelling, this one will stay with you long after you’ve finished reading.</span></p>
<p> </p>
<p><span>🌟 Why you’ll love it:</span></p>
<p><span>• A relatable and emotional love story</span></p>
<p><span>• Simple yet deeply impactful writing</span></p>
<p><span>• Perfect for romance lovers</span></p>
<p><span>• A story that feels real and personal</span></p>
<p> </p>
<p><span>📚 Add <a href=""chatgpt://generic-entity?number=2"">She Was Only Mine</a> to your collection today and experience a story that speaks straight to the heart.</span></p>",Author’s book & bookmarks,,,,true,Title,Default Title,,,,,,,,,0.0,shopify,9,deny,manual,350.00,,true,true,,,,,,https://cdn.shopify.com/s/files/1/0967/8818/5393/files/IMG-3035.png?v=1774999012,1,She Was Only Mine By Abhinav Ojha by Author’s book & bookmarks – book cover,false,She Was Only Mine By Abhinav Ojha | Author's Book & Bookmarks,She Was Only Mine By Abhinav Ojha by Author’s book & bookmarks. Order your copy.,Media > Books,,,,,,,,,,,,,,,,,,,,,,,,,g,,,active
a-thousand-splendid-suns-by-khaled-hosseini,A Thousand Splendid Suns By Khaled Hosseini,"<p><span>✨ Discover the unforgettable journey of <a href=""chatgpt://generic-entity?number=0"">A Thousand Splendid Suns</a> by <a href=""chatgpt://generic-entity?number=1"">Khaled Hosseini</a></span></p>
<p> </p>
<p><span>A deeply moving story set against the backdrop of war-torn Afghanistan, this novel beautifully captures the strength of women, the power of love, and the resilience of the human spirit.</span></p>
<p> </p>
<p><span>📖 Through the lives of two extraordinary women, you’ll witness a bond that rises above pain, loss, and unimaginable hardship. Their journey is filled with sacrifice, courage, and moments that will leave you emotional long after you turn the last page.</span></p>
<p> </p>
<p><span>This is not just a book you read — it’s a story you feel. 💛</span></p>
<p> </p>
<p><span>If you are someone who loves emotional, meaningful, and powerful storytelling, this masterpiece deserves a place on your shelf. Whether you’re building your personal library or looking for a book that truly connects with your heart, this one is a must-have.</span></p>
<p> </p>
<p><span>🌟 Why you’ll love it:</span></p>
<p><span>• A gripping and emotional storyline</span></p>
<p><span>• Beautifully written by a world-renowned author</span></p>
<p><span>• A story that stays with you forever</span></p>
<p><span>• Perfect for readers who enjoy deep, impactful novels</span></p>
<p> </p>
<p><span>📚 Add <a href=""chatgpt://generic-entity?number=2"">A Thousand Splendid Suns</a> to your collection today and experience a story that has touched millions of hearts around the world.</span></p>",Author’s book & bookmarks,,,,true,Title,Default Title,,,,,,,,,0.0,shopify,9,deny,manual,600.00,,true,true,,,,,,https://cdn.shopify.com/s/files/1/0967/8818/5393/files/IMG-3034.png?v=1774998545,1,A Thousand Splendid Suns By Khaled Hosseini by Author’s book & bookmarks – book cover,false,A Thousand Splendid Suns By Khaled | Author's Book & Bookmarks,A Thousand Splendid Suns By Khaled Hosseini by Author’s book & bookmarks. Order your copy.,Media > Books,,,,,,,,,,,,,,,,,,,,,,,,,g,,,active
titanic-pose-bookmark,Titanic Pose bookmark,"<p>Inspired by a timeless tale of love at the edge of the ocean, this bookmark honors courage, freedom, and choosing your own horizon. It’s for readers who believe in fleeting moments that last forever, in love that teaches you how to breathe deeper, and in stories that stay with you long after the page is turned.</p>
<div class=""product-description-wrapper"">
<div class=""product__description rte quick-add-hidden"">
<p>Product Details</p>
<p>Paper : 300GSM Buff Carton Paper ( With Lamination )</p>
<p>Size : W : 2.5inch H : 5inch</p>
<p>Note: Size may vary slightly as this is a handmade product.</p>
</div>
</div>
<p><button class=""share-button__button""><span class=""svg-wrapper""><svg viewbox=""0 0 13 12"" class=""icon icon-share"" fill=""none"" xmlns=""http://www.w3.org/2000/svg""><path d=""M1.625 8.125v2.167a1.083 1.083 0 0 0 1.083 1.083h7.584a1.083 1.083 0 0 0 1.083-1.083V8.125"" stroke-linejoin=""round"" stroke-linecap=""round"" stroke=""currentColor""></path><path clip-rule=""evenodd"" d=""M6.148 1.271a.5.5 0 0 1 .707 0L9.563 3.98a.5.5 0 0 1-.707.707L6.501 2.332 4.147 4.687a.5.5 0 1 1-.708-.707z"" fill-rule=""evenodd"" fill=""currentColor""></path><path clip-rule=""evenodd"" d=""M6.5 1.125a.5.5 0 0 1 .5.5v6.5a.5.5 0 0 1-1 0v-6.5a.5.5 0 0 1 .5-.5"" fill-rule=""evenodd"" fill=""currentColor""></path></svg></span></button></p>",Author’s book & bookmarks,Office Supplies > Book Accessories > Bookmarks,Bookmarks,,true,Title,Default Title,,,,,,,,,0.0,shopify,8,deny,manual,39.00,79.00,true,true,,,,,,https://cdn.shopify.com/s/files/1/0967/8818/5393/files/WhatsAppImage2026-02-10at12.16.40AM.jpg?v=1770662976,1,Titanic Pose bookmark by Author’s book & bookmarks – book cover,false,Titanic Pose bookmark | Author's Book & Bookmarks,Titanic Pose bookmark by Author’s book & bookmarks. Shop unique bookmarks at Author's Book & Bookmarks.,Office Supplies > General Office Supplies > Bookmarks,,,,,,,,,,,,,,,,,,,,,,,,,g,,,active
change-your-habits-change-your-life-your-guide-to-an-awesome-life-by-ashdin-doctor,"Change Your Habits, Change Your Life: Your Guide To An Awesome Life By Ashdin Doctor","<p data-start=""175"" data-end=""484""><strong data-start=""175"" data-end=""215"">Change Your Habits, Change Your Life</strong> by Ashdin Doctor is a practical and inspiring guide to building a healthier, happier, and more balanced life—one habit at a time. Backed by real-life insights and years of experience, this book shows how small, consistent changes can create powerful long-term results.</p>
<p data-start=""486"" data-end=""799"">Ashdin Doctor breaks down everyday habits related to health, mindset, productivity, sleep, food, and self-discipline, making them easy to understand and even easier to apply. With a friendly, no-pressure approach, the book encourages progress over perfection and helps readers create routines that actually stick.</p>
<p data-start=""801"" data-end=""1023"">Whether you want to feel more energetic, focused, confident, or in control of your life, this book offers simple tools and actionable steps to get there. It’s perfect for anyone who wants personal growth without overwhelm.</p>",Author’s book & bookmarks,Media > Books > Print Books,book,,true,Title,Default Title,,,,,,,,,0.0,shopify,10,deny,manual,250.00,,true,true,,,,,,https://cdn.shopify.com/s/files/1/0967/8818/5393/files/crosswordonline-books-default-title-change-your-habits-change-your-life-your-guide-to-an-awesome-life-paperback-ashdin-doctor-40410716963033.webp?v=1770225588,1,"Change Your Habits, Change Your Life: Your Guide To An Awesome Life By Ashdin Doctor by Author’s book & bookmarks – book cove",false,"Change Your Habits, Change Your | Author's Book & Bookmarks","Change Your Habits, Change Your Life: Your Guide To An Awesome Life By Ashdin Doctor by Author’s book & bookmarks. Get your copy and start today.",Media > Books,,,,,,,,,,,,,,,paperback,,,self-help-personal-development,english,,,,adults,,g,,,active
untold-thiongs-by-writers-pocket,Untold Things By Writer's Pocket,"<p data-start=""111"" data-end=""353""><strong data-start=""111"" data-end=""128"">Untold Things</strong> by Writer’s Pocket is a gentle collection of thoughts, emotions, and feelings that often stay unspoken. This book gives words to silences—those quiet moments of love, pain, hope, and self-reflection that live deep within us.</p>
<p data-start=""355"" data-end=""637"">Written in a simple yet heartfelt style, each page feels personal and relatable, as if the book understands what you couldn’t say out loud. It explores themes of healing, heartbreak, growth, and emotional honesty, making it a comforting read for anyone navigating their inner world.</p>
<p data-start=""639"" data-end=""793""><em data-start=""639"" data-end=""654"">Untold Things</em> is not just a book—it’s a safe space. Perfect for late-night reading, slow mornings, or moments when you need to feel seen and understood.</p>",Author’s book & bookmarks,Media > Books > Print Books,book,,true,Title,Default Title,,,,,,,,,0.0,shopify,10,deny,manual,199.00,,true,true,,,,,,https://cdn.shopify.com/s/files/1/0967/8818/5393/files/611r3VFUNFL._SY466.jpg?v=1770301638,1,Untold Things By Writer's Pocket by Author’s book & bookmarks – book cover,false,Untold Things By Writer's Pocket | Author's Book & Bookmarks,Untold Things By Writer's Pocket by Author’s book & bookmarks. Order your copy.,Media > Books,,,,,,,,,,,,,,,paperback,,,self-help-personal-development; literature,english,,,,adults,,g,,,active
100-lyrics-gulzar-by-gulzar,100 Lyrics : Gulzar By Gulzar,"<p data-start=""118"" data-end=""394""><strong data-start=""118"" data-end=""140"">100 Lyrics: Gulzar</strong> is a beautifully curated collection of some of the most memorable and poetic song lyrics written by Gulzar. Spanning decades of Hindi cinema, this book brings together verses that have shaped emotions, memories, and moments for generations of listeners.</p>
<p data-start=""396"" data-end=""716"">With his unmatched ability to turn simple words into profound feelings, Gulzar explores love, separation, time, longing, and life itself. Each lyric reads like poetry—rich in imagery, gentle in expression, and deeply reflective—showcasing why Gulzar remains one of the most revered voices in Indian literature and music.</p>
<p data-start=""718"" data-end=""931"">This book is perfect for readers who love poetry, cinema, and the timeless beauty of Hindi songs. <em data-start=""816"" data-end=""836"">100 Lyrics: Gulzar</em> allows you to experience familiar songs in a new way—slowly, quietly, and with deeper meaning.</p>",Author’s book & bookmarks,Media > Books > Print Books,book,,true,Title,Default Title,,,,,,,,,0.0,shopify,10,deny,manual,299.00,,true,true,,,,,,https://cdn.shopify.com/s/files/1/0967/8818/5393/files/61pRVy0FJcL._SL1400.webp?v=1770225187,1,100 Lyrics : Gulzar By Gulzar by Author’s book & bookmarks – book cover,false,100 Lyrics : Gulzar By Gulzar | Author's Book & Bookmarks,100 Lyrics : Gulzar By Gulzar by Author’s book & bookmarks. Add this collection to your shelf.,Media > Books,,,,,,,,,,,,,,,paperback,,,arts; literature; music,english,,,,adults,,g,,,active
all-this-love-poems-by-ashish-bagrecha,All This Love : Poems By Ashish Bagrecha,"<hr data-start=""120"" data-end=""123"">
<p data-start=""125"" data-end=""382""><strong data-start=""125"" data-end=""142"">All This Love</strong> by Ashish Bagrecha is a tender collection of poems that explores love in its many forms—romantic, broken, healing, and hopeful. With simple yet powerful words, the poet captures emotions that feel deeply personal and universally relatable.</p>
<p data-start=""384"" data-end=""627"">These poems speak of longing, vulnerability, separation, and the quiet strength found in loving and letting go. Written in a gentle, conversational style, the verses feel like late-night thoughts and unsent letters—honest, raw, and comforting.</p>
<p data-start=""629"" data-end=""844"">This book is perfect for readers who find solace in poetry that understands their feelings. <em data-start=""721"" data-end=""736"">All This Love</em> is for those who have loved deeply, lost softly, and are still learning how to hold their hearts with care.</p>",Author’s book & bookmarks,Media > Books > Print Books,book,,true,Title,Default Title,,,,,,,,,0.0,shopify,10,deny,manual,399.00,,true,true,,,,,,https://cdn.shopify.com/s/files/1/0967/8818/5393/files/https___image-hub.reproindialtd.com_9789373078489.webp?v=1770224887,1,All This Love : Poems By Ashish Bagrecha by Author’s book & bookmarks – book cover,false,All This Love : Poems By Ashish | Author's Book & Bookmarks,All This Love : Poems By Ashish Bagrecha by Author’s book & bookmarks. Add this collection to your shelf.,Media > Books,,,,,,,,,,,,,,,paperback,,,literature; book,english,,,,adults,,g,,,active
negleted-poems-by-gulzar,Negleted Poems By Gulzar,"<p data-start=""113"" data-end=""404""><strong data-start=""113"" data-end=""132"">Neglected Poems</strong> by Gulzar is a soulful collection of verses that brings together emotions often left unspoken—silence, longing, memories, and quiet reflections of everyday life. With his signature simplicity and depth, Gulzar turns ordinary moments into poetry that lingers in the heart.</p>
<p data-start=""406"" data-end=""626"">These poems explore love, loss, time, relationships, and the spaces between words. Gentle yet powerful, the collection feels intimate, as if the poet is speaking directly to the reader—softly, honestly, without pretence.</p>
<p data-start=""628"" data-end=""885"">This book is perfect for readers who appreciate subtle emotions, minimalistic poetry, and writing that finds beauty in stillness. <em data-start=""758"" data-end=""775"">Neglected Poems</em> invites you to slow down, feel deeply, and rediscover emotions that are often overlooked in the rush of life.</p>",Author’s book & bookmarks,Media > Books > Print Books,book,,true,Title,Default Title,,,,,,,,,0.0,shopify,8,deny,manual,250.00,,true,true,,,,,,https://cdn.shopify.com/s/files/1/0967/8818/5393/files/neglected-poems-gulzar-paperback-gulzar-bk0033543-40538443612377.jpg?v=1770224596,1,Negleted Poems By Gulzar by Author’s book & bookmarks – book cover,false,Negleted Poems By Gulzar | Author's Book & Bookmarks,Negleted Poems By Gulzar by Author’s book & bookmarks. Add this collection to your shelf.,Media > Books,,,,,,,,,,,,,,,,,,,,,,,,,g,,,active
i-dont-love-you-anymore-moving-on-living-your-best-life-by-rithvik-singh,I Don'T Love You Anymore: Moving On & Living Your Best Life By Rithvik Singh,"<p data-start=""162"" data-end=""457""><strong data-start=""162"" data-end=""190"">I Don’t Love You Anymore</strong> by Rithvik Singh is a comforting and honest book about heartbreak, letting go, and choosing yourself after love fades. Written in a gentle, conversational tone, the book speaks directly to readers who are struggling to move on from someone who once meant everything.</p>
<p data-start=""459"" data-end=""725"">Through reflections, affirmations, and emotional insights, the book helps readers process pain, accept endings, and slowly rebuild their sense of self-worth. It reminds us that not every love is meant to last—and that endings, though painful, can also be beginnings.</p>
<p data-start=""727"" data-end=""933"">This book is ideal for readers navigating breakups, emotional healing, and personal growth. <em data-start=""819"" data-end=""845"">I Don’t Love You Anymore</em> encourages self-love, clarity, and the courage to move forward without guilt or regret.</p>",Author’s book & bookmarks,Media > Books > Print Books,book,,true,Title,Default Title,,,,,,,,,0.0,shopify,10,deny,manual,299.00,,true,true,,,,,,https://cdn.shopify.com/s/files/1/0967/8818/5393/files/i-don-t-love-you-anymore-bk0502960-44374591111385.webp?v=1770220418,1,I Don'T Love You Anymore: Moving On & Living Your Best Life By Rithvik Singh by Author’s book & bookmarks – book cover,false,I Don'T Love You Anymore: Moving On | Author's Book & Bookmarks,I Don'T Love You Anymore: Moving On & Living Your Best Life By Rithvik Singh by Author’s book & bookmarks. Order your copy.,Media > Books,,,,,,,,,,,,,,,,,,,,,,,,,g,,,active
the-boy-who-loved-by-durjoy-datta,The Boy Who Loved By Durjoy Datta,"<p data-start=""119"" data-end=""415""><strong data-start=""119"" data-end=""140"">The Boy Who Loved</strong> by Durjoy Datta is an intense and gripping novel that delves into love, obsession, heartbreak, and the darker sides of human emotion. The story follows Raghu, a young man whose love turns all-consuming, leading to choices that blur the line between devotion and destruction.</p>
<p data-start=""417"" data-end=""667"">Set against the backdrop of modern urban life, the book explores how unchecked emotions, loneliness, and desperation can shape a person’s actions. Durjoy Datta presents a psychological portrait of a character driven by love, pain, and moral conflict.</p>
<p data-start=""669"" data-end=""894"">This book is ideal for readers who enjoy emotionally complex stories with suspense and depth. <em data-start=""763"" data-end=""782"">The Boy Who Loved</em> challenges the idea of romantic love and asks difficult questions about boundaries, sanity, and responsibility.</p>",Author’s book & bookmarks,Media > Books > Print Books,book,,true,Title,Default Title,,,,,,,,,0.0,shopify,10,deny,manual,299.00,,true,true,,,,,,https://cdn.shopify.com/s/files/1/0967/8818/5393/files/penguin-random-house-india-books-default-title-pmr-boy-who-loved-the-paperback-durjoy-datta-40372922810585.webp?v=1770220270,1,The Boy Who Loved By Durjoy Datta by Author’s book & bookmarks – book cover,false,The Boy Who Loved By Durjoy Datta | Author's Book & Bookmarks,The Boy Who Loved By Durjoy Datta by Author’s book & bookmarks. Order your copy.,Media > Books,,,,,,,,,,,,,,,paperback,,,literature; book; suspense; drama,english,,,,adults,,g,,,active
worlds-best-boyfriend-by-durjoy-datta,Worlds Best Boyfriend By Durjoy Datta,"<p data-start=""125"" data-end=""417""><strong data-start=""125"" data-end=""151"">World’s Best Boyfriend</strong> by Durjoy Datta is a heartfelt contemporary romance that explores love, friendship, ambition, and the complicated emotions of growing up. The novel follows Dhruv and Radhika as they navigate relationships shaped by dreams, misunderstandings, and personal struggles.</p>
<p data-start=""419"" data-end=""710"">Set in modern India, the story captures the excitement of young love along with the realities of commitment, career pressure, and emotional baggage. With relatable characters and honest storytelling, Durjoy Datta portrays how love evolves with time—and how it’s not always perfect, but real.</p>
<p data-start=""712"" data-end=""960"">This book is ideal for readers who enjoy modern romance with emotional depth and everyday realism. <em data-start=""811"" data-end=""835"">World’s Best Boyfriend</em> is a story about choosing love, learning from mistakes, and understanding that being the “best” doesn’t mean being flawless.</p>",Author’s book & bookmarks,Media > Books > Print Books,book,,true,Title,Default Title,,,,,,,,,0.0,shopify,10,deny,manual,299.00,,true,true,,,,,,https://cdn.shopify.com/s/files/1/0967/8818/5393/files/penguin-random-house-india-books-default-title-pmr-world-s-best-boyfriend-paperback-durjoy-datta-40375546773721.webp?v=1770220095,1,Worlds Best Boyfriend By Durjoy Datta by Author’s book & bookmarks – book cover,false,Worlds Best Boyfriend By Durjoy Datta | Author's Book & Bookmarks,Worlds Best Boyfriend By Durjoy Datta by Author’s book & bookmarks. Order your copy.,Media > Books,,,,,,,,,,,,,,,,,,,,,,,,,g,,,active
when-i-am-with-you-by-durjoy-datta,When I Am With You By Durjoy Datta,"<hr data-start=""115"" data-end=""118"">
<p data-start=""120"" data-end=""397""><strong data-start=""120"" data-end=""142"">When I Am With You</strong> by Durjoy Datta is a deeply moving story about love, healing, and finding hope after loss. The novel follows a young protagonist struggling with grief, loneliness, and emotional pain, and how an unexpected connection helps him rediscover meaning in life.</p>
<p data-start=""399"" data-end=""664"">Set against a modern urban backdrop, the book explores mental health, vulnerability, and the power of companionship. Durjoy Datta sensitively portrays how love doesn’t always arrive to fix everything—but it can make the journey bearable and help us feel less alone.</p>
<p data-start=""666"" data-end=""904"">This book is ideal for readers who enjoy contemporary fiction with emotional depth and realism. <em data-start=""762"" data-end=""782"">When I Am With You</em> reminds us that even in our darkest moments, human connection can bring light, comfort, and the strength to move forward.</p>",Author’s book & bookmarks,Media > Books > Print Books,book,,true,Title,Default Title,,,,,,,,,0.0,shopify,9,deny,manual,225.00,,true,true,,,,,,https://cdn.shopify.com/s/files/1/0967/8818/5393/files/when-i-am-with-you-bk0461286-44375816077529.webp?v=1770219944,1,When I Am With You By Durjoy Datta by Author’s book & bookmarks – book cover,false,When I Am With You By Durjoy Datta | Author's Book & Bookmarks,When I Am With You By Durjoy Datta by Author’s book & bookmarks. Order your copy.,Media > Books,,,,,,,,,,,,,,,paperback,,,literature; book,english,,,,adults,,g,,,active
i-think-he-knows-by-katie-bailey,I Think He Knows By Katie Bailey,"<hr data-start=""107"" data-end=""110"">
<p data-start=""112"" data-end=""384""><strong data-start=""112"" data-end=""132"">I Think He Knows</strong> by Katie Bailey is a lighthearted and charming romantic comedy filled with banter, chemistry, and slow-burn romance. The story follows a strong, relatable female lead navigating attraction, misunderstandings, and the thrilling uncertainty of new love.</p>
<p data-start=""386"" data-end=""674"">With playful dialogue and heartfelt moments, the book captures the excitement of stolen glances, unspoken feelings, and the question we’ve all asked ourselves—<em data-start=""545"" data-end=""567"">does he feel it too?</em> It’s a story about vulnerability, timing, and the courage it takes to admit what your heart already knows.</p>
<p data-start=""676"" data-end=""875"">This book is perfect for readers who enjoy feel-good romance, witty conversations, and stories that leave you smiling. <em data-start=""795"" data-end=""813"">I Think He Knows</em> is a cozy, comforting read—sweet, flirty, and full of warmth.</p>",Author’s book & bookmarks,Media > Books > Print Books,book,,true,Title,Default Title,,,,,,,,,0.0,shopify,10,deny,manual,399.00,,true,true,,,,,,https://cdn.shopify.com/s/files/1/0967/8818/5393/files/i-think-he-knows-bk0516156-44139172790489.webp?v=1770219781,1,I Think He Knows By Katie Bailey by Author’s book & bookmarks – book cover,false,I Think He Knows By Katie Bailey | Author's Book & Bookmarks,I Think He Knows By Katie Bailey by Author’s book & bookmarks. Order your copy.,Media > Books,,,,,,,,,,,,,,,paperback,,,book; humor-comedy,english,,,,adults,,g,,,active
the-guiding-star-by-shelly-roy,The Guiding Star By Shelly Roy,"<p data-start=""113"" data-end=""402""><strong data-start=""113"" data-end=""133"">The Guiding Star</strong> by Shelly Roy is an uplifting and soulful book about hope, resilience, and finding direction during life’s uncertain moments. Through reflective writing and heartfelt thoughts, the book reminds readers that even in darkness, there is always a light guiding us forward.</p>
<p data-start=""404"" data-end=""673"">Centered around self-belief, healing, and inner strength, <em data-start=""462"" data-end=""480"">The Guiding Star</em> encourages readers to trust their journey and listen to their inner voice. It speaks to those who feel lost, overwhelmed, or in need of reassurance that things will eventually fall into place.</p>
<p data-start=""675"" data-end=""895"">This book is perfect for readers who enjoy motivational and comforting reads that nurture the soul. <em data-start=""775"" data-end=""793"">The Guiding Star</em> serves as a quiet companion—offering clarity, courage, and gentle encouragement to keep moving ahead.</p>",Author’s book & bookmarks,Media > Books > Print Books,book,,true,Title,Default Title,,,,,,,,,0.0,shopify,10,deny,manual,199.00,,true,true,,,,,,https://cdn.shopify.com/s/files/1/0967/8818/5393/files/crosswordonline-books-default-title-the-guiding-star-40116760051929.webp?v=1770219506,1,The Guiding Star By Shelly Roy by Author’s book & bookmarks – book cover,false,The Guiding Star By Shelly Roy | Author's Book & Bookmarks,The Guiding Star By Shelly Roy by Author’s book & bookmarks. Order your copy.,Media > Books,,,,,,,,,,,,,,,,,,,,,,,,,g,,,active
attitude-is-everything-by-jeff-keller-1,Attitude Is Everything By Jeff Keller,"<p data-start=""124"" data-end=""435""><strong data-start=""124"" data-end=""150"">Attitude Is Everything</strong> by Jeff Keller is a powerful self-help book that shows how your mindset shapes your success, happiness, and overall direction in life. Through practical advice, real-life examples, and simple strategies, the book explains how a positive attitude can turn obstacles into opportunities.</p>
<p data-start=""437"" data-end=""687"">Jeff Keller emphasizes the importance of belief, persistence, and taking responsibility for your thoughts and actions. The book encourages readers to overcome self-doubt, stay focused on their goals, and develop habits that lead to long-term success.</p>
<p data-start=""689"" data-end=""904"">This book is ideal for readers seeking motivation, confidence, and personal growth. <em data-start=""773"" data-end=""797"">Attitude Is Everything</em> serves as a reminder that while you may not control every situation, you can always control your response.</p>",Author’s book & bookmarks,Media > Books > Print Books,book,,true,Title,Default Title,,,,,,,,,0.0,shopify,10,deny,manual,225.00,,true,true,,,,,,https://cdn.shopify.com/s/files/1/0967/8818/5393/files/crosswordonline-books-default-title-attitude-is-everything-change-your-attitude-change-your-life-paperback-jeff-keller-40418962571481.webp?v=1770218855,1,Attitude Is Everything By Jeff Keller by Author’s book & bookmarks – book cover,false,Attitude Is Everything By Jeff Keller | Author's Book & Bookmarks,Attitude Is Everything By Jeff Keller by Author’s book & bookmarks. Order your copy.,Media > Books,,,,,,,,,,,,,,,paperback,,,self-help-personal-development,english,,,,adults,,g,,,active
ikigai-by-hector-garcia,Ikigai By Hector Garcia,"<p data-start=""129"" data-end=""403""><strong data-start=""129"" data-end=""139"">Ikigai</strong> explores the Japanese philosophy of finding purpose and joy in everyday life. Drawing inspiration from the lives of the world’s longest-living people in Okinawa, the book reveals how passion, simplicity, and balance contribute to a meaningful and fulfilling life.</p>
<p data-start=""405"" data-end=""690"">Through practical insights and gentle wisdom, the authors guide readers toward discovering their own <em data-start=""506"" data-end=""514"">ikigai</em>—the reason to wake up every morning. The book blends philosophy, lifestyle practices, and mindfulness, encouraging readers to slow down, stay curious, and live with intention.</p>
<p data-start=""692"" data-end=""899"">This book is perfect for readers seeking clarity, motivation, and inner peace. <em data-start=""771"" data-end=""779"">Ikigai</em> is not about chasing success, but about aligning what you love, what you are good at, and what gives your life meaning.</p>",Author’s book & bookmarks,Media > Books > Print Books,book,,true,Title,Default Title,,,,,,,,,0.0,shopify,10,deny,manual,599.00,,true,true,,,,,,https://cdn.shopify.com/s/files/1/0967/8818/5393/files/9781786330895.webp?v=1770218696,1,Ikigai By Hector Garcia by Author’s book & bookmarks – book cover,false,Ikigai By Hector Garcia | Author's Book & Bookmarks,Ikigai By Hector Garcia by Author’s book & bookmarks. Order your copy.,Media > Books,,,,,,,,,,,,,,,paperback,,,self-help-personal-development; philosophy,english,,,,adults,,g,,,active
think-and-grow-rich-by-napoleon-hill,Think And Grow Rich By Napoleon Hill,"<p data-start=""123"" data-end=""424""><strong data-start=""123"" data-end=""146"">Think and Grow Rich</strong> by Napoleon Hill is one of the most influential personal development books of all time. Based on years of research and interviews with some of the world’s most successful individuals, the book reveals timeless principles for achieving success, wealth, and personal fulfillment.</p>
<p data-start=""426"" data-end=""677"">Rather than focusing only on money, the book emphasizes mindset, belief, persistence, and the power of desire. Hill explains how thoughts shape reality and how discipline, clarity of purpose, and consistent action can turn ambitions into achievements.</p>
<p data-start=""679"" data-end=""927"">This book is ideal for readers seeking motivation, financial wisdom, and practical guidance for personal growth. <em data-start=""792"" data-end=""813"">Think and Grow Rich</em> encourages readers to take responsibility for their thoughts and habits, and to build a success-oriented mindset.</p>",Author’s book & bookmarks,Media > Books > Print Books,book,,true,Title,Default Title,,,,,,,,,0.0,shopify,10,deny,manual,199.00,,true,true,,,,,,https://cdn.shopify.com/s/files/1/0967/8818/5393/files/fsdfsdfsd.webp?v=1770218565,1,Think And Grow Rich By Napoleon Hill by Author’s book & bookmarks – book cover,false,Think And Grow Rich By Napoleon Hill | Author's Book & Bookmarks,Think And Grow Rich By Napoleon Hill by Author’s book & bookmarks. Get your copy and start today.,Media > Books,,,,,,,,,,,,,,,,,,,,,,,,,g,,,active
autobiography-of-a-yogi-by-paramahansa-yogananda,Autobiography Of A Yogi By Paramahansa Yogananda,"<p data-start=""135"" data-end=""460""><strong data-start=""135"" data-end=""162"">Autobiography of a Yogi</strong> by Paramahansa Yogananda is a spiritual classic that explores the deeper purpose of life, self-realization, and the journey of the soul. Through personal experiences and encounters with saints, yogis, and spiritual masters, Yogananda shares his path toward enlightenment with humility and clarity.</p>
<p data-start=""462"" data-end=""765"">The book introduces readers to ancient yogic traditions, meditation practices, and the philosophy of inner peace, while blending spirituality with everyday life. Written in a simple yet profound tone, it bridges Eastern wisdom and Western understanding, making complex spiritual ideas accessible to all.</p>
<p data-start=""767"" data-end=""1019"">This book is ideal for readers seeking spiritual growth, mindfulness, and a deeper connection with themselves. <em data-start=""878"" data-end=""903"">Autobiography of a Yogi</em> is not just a memoir—it is a guide that inspires introspection, faith, and a life lived with awareness and purpose.</p>",Author’s book & bookmarks,Media > Books > Print Books,book,,true,Title,Default Title,,,,,,,,,0.0,shopify,10,deny,manual,299.00,,true,true,,,,,,https://cdn.shopify.com/s/files/1/0967/8818/5393/files/71IDxgWwPoL._SL1500.webp?v=1770218339,1,Autobiography Of A Yogi By Paramahansa Yogananda by Author’s book & bookmarks – book cover,false,Autobiography Of A Yogi By | Author's Book & Bookmarks,Autobiography Of A Yogi By Paramahansa Yogananda by Author’s book & bookmarks. Discover this extraordinary story.,Media > Books,,,,,,,,,,,,,,,paperback,,,biography; religion-spirituality,english,,,,adults; suitable-for-all-ages,,g,,,active
indira-gandhi-a-biography-by-pupul-jayakar,Indira Gandhi A Biography By Pupul Jayakar,"<hr data-start=""133"" data-end=""136"">
<p data-start=""138"" data-end=""471""><strong data-start=""138"" data-end=""168"">Indira Gandhi: A Biography</strong> by Pupul Jayakar is an insightful and deeply researched account of one of India’s most powerful and complex leaders. Written by a close associate and confidante, the book offers a rare, intimate perspective on Indira Gandhi’s personal life, political journey, and the forces that shaped her leadership.</p>
<p data-start=""473"" data-end=""890"">The biography traces her early years, her relationship with Jawaharlal Nehru, and her rise to power as India’s first woman Prime Minister. It explores her strengths and vulnerabilities, her decisive style of governance, and the controversial moments that defined her legacy. Pupul Jayakar presents Indira Gandhi not just as a political figure, but as a woman navigating immense responsibility, solitude, and ambition.</p>
<p data-start=""892"" data-end=""1159"">This book is ideal for readers interested in Indian history, politics, and biographies of influential leaders. <em data-start=""1003"" data-end=""1031"">Indira Gandhi: A Biography</em> provides a nuanced understanding of her life, offering depth, balance, and human insight into a figure who shaped modern India.</p>",Author’s book & bookmarks,Media > Books > Print Books,book,,true,Title,Default Title,,,,,,,,,0.0,shopify,10,deny,manual,499.00,,true,true,,,,,,https://cdn.shopify.com/s/files/1/0967/8818/5393/files/816DY2WjglL._SL1500.webp?v=1770218194,1,Indira Gandhi A Biography By Pupul Jayakar by Author’s book & bookmarks – book cover,false,Indira Gandhi A Biography By Pupul | Author's Book & Bookmarks,Indira Gandhi A Biography By Pupul Jayakar by Author’s book & bookmarks. Order your copy.,Media > Books,,,,,,,,,,,,,,,,,,,,,,,,,g,,,active
unfinished-a-memoir-by-priyanka-jonas-chopra,Unfinished A Memoir By Priyanka Jonas Chopra,"<p data-start=""124"" data-end=""410""><strong data-start=""124"" data-end=""148"">Unfinished: A Memoir</strong> by Priyanka Chopra Jonas is an intimate and inspiring account of a life lived across cultures, careers, and constant change. From her childhood in India to becoming a global icon, the memoir traces her journey through fame, ambition, self-doubt, and resilience.</p>
<p data-start=""412"" data-end=""734"">With honesty and warmth, Priyanka reflects on her early years, her unexpected rise in the entertainment industry, and the personal challenges that shaped her—identity, belonging, relationships, and learning to trust her own voice. The book also explores what it means to chase dreams while staying grounded in one’s roots.</p>
<p data-start=""736"" data-end=""988"">This memoir is perfect for readers who enjoy personal stories of growth, courage, and self-discovery. <em data-start=""838"" data-end=""850"">Unfinished</em> is not just about success, but about embracing uncertainty, evolving with time, and understanding that life is always a work in progress.</p>",Author’s book & bookmarks,Media > Books > Print Books,book,,true,Title,Default Title,,,,,,,,,0.0,shopify,10,deny,manual,699.00,,true,true,,,,,,https://cdn.shopify.com/s/files/1/0967/8818/5393/files/unfinished-a-memoir-bk0494836-42222062895321.webp?v=1770218052,1,Unfinished A Memoir By Priyanka Jonas Chopra by Author’s book & bookmarks – book cover,false,Unfinished A Memoir By Priyanka | Author's Book & Bookmarks,Unfinished A Memoir By Priyanka Jonas Chopra by Author’s book & bookmarks. Order your copy.,Media > Books,,,,,,,,,,,,,,,paperback,,,biography; self-help-personal-development,english,,,,adults,,g,,,active
ignited-minds-by-abdul-a-p-j-kalam,Ignited Minds By Abdul A.P.J. Kalam,"<p data-start=""134"" data-end=""475""><strong data-start=""134"" data-end=""151"">Ignited Minds</strong> by Dr. A. P. J. Abdul Kalam is a powerful and motivating book that calls upon the youth of India to dream big and work towards a brighter future. Drawing from his experiences as a scientist, teacher, and the President of India, Dr. Kalam shares stories, insights, and ideas that inspire confidence, creativity, and purpose.</p>
<p data-start=""477"" data-end=""770"">The book focuses on unlocking the potential of young minds, encouraging innovation, self-belief, and national development. With simple language and real-life examples, <em data-start=""645"" data-end=""660"">Ignited Minds</em> highlights the importance of education, values, and perseverance in shaping a strong and self-reliant nation.</p>
<p data-start=""772"" data-end=""996"">This book is ideal for students, young professionals, and anyone seeking motivation and direction in life. <em data-start=""879"" data-end=""894"">Ignited Minds</em> is not just a book—it is a vision for transforming dreams into action and building a better tomorrow.</p>",Author’s book & bookmarks,Media > Books > Print Books,book,,true,Title,Default Title,,,,,,,,,0.0,shopify,10,deny,manual,199.00,,true,true,,,,,,https://cdn.shopify.com/s/files/1/0967/8818/5393/files/penguin-random-house-india-books-default-title-ignited-minds-unleasing-the-power-within-india-paperback-a-p-j-abdul-kalam-40375555391705.webp?v=1770217919,1,Ignited Minds By Abdul A.P.J. Kalam by Author’s book & bookmarks – book cover,false,Ignited Minds By Abdul A.P.J. Kalam | Author's Book & Bookmarks,Ignited Minds By Abdul A.P.J. Kalam by Author’s book & bookmarks. Order your copy.,Media > Books,,,,,,,,,,,,,,,,,,,,,,,,,g,,,active
when-i-met-myself-by-shreyansh-dixit,When I Met Myself By Shreyansh Dixit,"<p data-start=""121"" data-end=""437""><strong data-start=""121"" data-end=""142"">When I Met Myself</strong> by Shreyansh Dixit is an introspective and emotionally resonant book about self-discovery, healing, and the quiet conversations we have with our own soul. The story explores what happens when life slows down enough for us to truly confront who we are, who we’ve been, and who we want to become.</p>
<p data-start=""439"" data-end=""771"">Through reflective storytelling and heartfelt moments, the book touches on themes of loneliness, growth, love, and acceptance. It reminds readers that before understanding the world or others, we must first learn to understand ourselves. The narrative feels personal and comforting, like a mirror held gently in front of the reader.</p>
<p data-start=""773"" data-end=""1009"">This book is perfect for readers who enjoy thoughtful, soul-searching reads and stories that offer emotional clarity. <em data-start=""891"" data-end=""910"">When I Met Myself</em> is a reminder that sometimes the most important meeting in life is the one we have with ourselves.</p>",Author’s book & bookmarks,Media > Books > Print Books,book,,true,Title,Default Title,,,,,,,,,0.0,shopify,10,deny,manual,349.00,,true,true,,,,,,https://cdn.shopify.com/s/files/1/0967/8818/5393/files/crosswordonline-books-default-title-when-i-met-myself-paperback-shreyansh-dixit-paperback-paperback-paperback-paperback-paperback-paperback-paperback-paperback-paperback-paperback-unk.webp?v=1770217781,1,When I Met Myself By Shreyansh Dixit by Author’s book & bookmarks – book cover,false,When I Met Myself By Shreyansh Dixit | Author's Book & Bookmarks,When I Met Myself By Shreyansh Dixit by Author’s book & bookmarks. Order your copy.,Media > Books,,,,,,,,,,,,,,,,,,,,,,,,,g,,,active
worlds-best-ex-girlfriend-by-durjoy-datta,Worlds Best Ex-Girlfriend By Durjoy Datta,"<p data-start=""127"" data-end=""465""><strong data-start=""127"" data-end=""157"">World’s Best Ex-Girlfriend</strong> by Durjoy Datta is a refreshing and emotionally layered story about love, heartbreak, and second chances. The novel follows Anmol and Ridhima, a couple whose relationship ends but whose emotions refuse to fade. As they try to move on, fate keeps pulling them back into each other’s lives in unexpected ways.</p>
<p data-start=""467"" data-end=""791"">Set against the backdrop of modern relationships, the book explores how love doesn’t always end when people break up—and how understanding, maturity, and growth can change everything. Durjoy Datta beautifully captures the confusion of letting go, the pain of separation, and the hope that lingers even after love seems lost.</p>
<p data-start=""793"" data-end=""1045"">This book is perfect for readers who enjoy contemporary romance with relatable characters and emotional depth. <em data-start=""904"" data-end=""932"">World’s Best Ex-Girlfriend</em> is a reminder that sometimes, the people who hurt us the most are also the ones who teach us how to love better.</p>",Author’s book & bookmarks,Media > Books > Print Books,book,,true,Title,Default Title,,,,,,,,,0.0,shopify,10,deny,manual,299.00,,true,true,,,,,,https://cdn.shopify.com/s/files/1/0967/8818/5393/files/worlds-best-ex-girlfriend-bk0511827-43513862095065.webp?v=1770141374,1,Worlds Best Ex-Girlfriend By Durjoy Datta by Author’s book & bookmarks – book cover,false,Worlds Best Ex-Girlfriend By Durjoy | Author's Book & Bookmarks,Worlds Best Ex-Girlfriend By Durjoy Datta by Author’s book & bookmarks. Order your copy.,Media > Books,,,,,,,,,,,,,,,,,,,,,,,,,g,,,active
red-flags-and-rishtas-by-radhika-agrawal,Red Flags And Rishtas By Radhika Agrawal,"<section id=""MainProduct-template--21194970988761__main"" class=""page-width section-template--21194970988761__main-padding"" data-section=""template--21194970988761__main"">
<div class=""pdp-banner"">
<div class=""container"">
<div class=""pdp-banner-container"">
<div class=""pdp-banner-content-container"">
<div class=""book-summary"">
<p class=""book-summary-title"">Book Summary</p>
<div class=""book-summary-desc"">
<div class=""summary-preview"">
<div>
<p>Red Flags And Rishtas is a contemporary romance that follows Ananya Kapoor, a dating-app enthusiast, and Aadar Chauhan, a tradition-steeped but modern man, as they navigate love in Delhi. This witty, hopeful tale of modern dating and old-fashioned values is perfect for adults who enjoy sharp banter, cultural clashes, and a lively race to find real connection.</p>
</div>
<div class=""summary-full"">
<p>Written with warmth and humor, the story unfolds through engaging dialogue and brisk pacing that shifts between Ananya's dating adventures and Aadar's thoughtful, traditional vantage. The experience feels fresh and immersive, with a cast of memorable friends, a vivid Delhi backdrop, and a humor-infused journey that never loses its heart. Red Flags And Rishtas blends playful banter with real insight into how dating apps, family expectations, and personal growth intersect, delivering a narrative that is as entertaining as it is relatable.</p>
<p>As the pages turn, a spirited bet between Ananya and Aadar drives the romance, while the true payoff is a deeper understanding of love's many forms and the ways two people can grow together when they’re willing to listen. The journey invites readers to rethink what makes a relationship work and to believe that happiness can arrive from surprising places, even amid cultural expectations and modern dating chaos.</p>
<ul>
<li>
<b>Key content elements:</b><span> </span>contemporary romance, Delhi setting, two contrasting lead perspectives</li>
<li>
<b>Interactive or standout features:</b><span> </span>witty banter, banter-driven moments, and charming supporting characters</li>
<li>
<b>Learning outcomes or experiences:</b><span> </span>insights into modern dating versus tradition, communication, and personal growth</li>
<li>
<b>Writing or illustration style:</b><span> </span>warm, inviting narration with a brisk, engaging pace</li>
</ul>
<p>After finishing Red Flags And Rishtas, readers are left with a hopeful vision of love that blends humor with heart. They’ll feel encouraged to embrace openness, trust, and the idea that the right connection can emerge when you least expect it—and from the most surprising of places.</p>
</div>
</div>
</div>
</div>
</div>
</div>
</div>
</div>
</section>",Author’s book & bookmarks,Media > Books > Print Books,book,,true,Title,Default Title,,,,,,,,,0.0,shopify,10,deny,manual,499.00,,true,true,,,,,,https://cdn.shopify.com/s/files/1/0967/8818/5393/files/9789361319280.jpg?v=1770141150,1,Red Flags And Rishtas By Radhika Agrawal by Author’s book & bookmarks – book cover,false,Red Flags And Rishtas By Radhika | Author's Book & Bookmarks,Red Flags And Rishtas By Radhika Agrawal by Author’s book & bookmarks. Order your copy.,Media > Books,,,,,,,,,,,,,,,paperback,,,book; relationships; humor-comedy,english,,,,adults,,g,,,active
red-flags-and-rishtas-by-radhika-agrawal,,,,,,,,,,,,,,,,,,,,,,,,,,,,,,,,https://cdn.shopify.com/s/files/1/0967/8818/5393/files/81Po-VX8JjL._AC_UF1000_1000_QL80.jpg?v=1770141150,2,Red Flags And Rishtas By Radhika Agrawal – product image 2,,,,,,,,,,,,,,,,,,,,,,,,,,,,,,,,
first-loves-last-loves-by-ruskin-bond,"First Loves, Last Loves By Ruskin Bond","<p data-start=""175"" data-end=""443""><strong data-start=""175"" data-end=""200"">First Love, Last Love</strong> by Ruskin Bond is a tender and timeless collection of stories that explores love in its many quiet, beautiful forms. From the innocence of first love to the ache of longing and memory, these stories capture emotions with simplicity and grace.</p>
<p data-start=""445"" data-end=""731"">Set in familiar landscapes and everyday moments, Ruskin Bond’s writing reflects love that is gentle rather than dramatic—love that lingers in memories, unspoken feelings, and fleeting encounters. His characters are ordinary people, yet their emotions feel deeply personal and universal.</p>
<p data-start=""733"" data-end=""995"">This book is perfect for readers who enjoy slow, reflective storytelling and writing that feels warm and comforting. <em data-start=""850"" data-end=""873"">First Love, Last Love</em> is not about grand declarations, but about the softness of emotion and the way love stays with us, even as time moves on.</p>",Author’s book & bookmarks,Media > Books > Print Books,book,,true,Title,Default Title,,,,,,,,,0.0,shopify,9,deny,manual,250.00,,true,true,,,,,,https://cdn.shopify.com/s/files/1/0967/8818/5393/files/first-loves-last-loves-bk0494991-41768966258905.webp?v=1770140843,1,"First Loves, Last Loves By Ruskin Bond by Author’s book & bookmarks – book cover",false,"First Loves, Last Loves By Ruskin | Author's Book & Bookmarks","First Loves, Last Loves By Ruskin Bond by Author’s book & bookmarks. Add to your Indian literature collection.",Media > Books,,,,,,,,,,,,,,,paperback,,,literature; book,english,,,,adults,,g,,,active
set-on-you-by-amy-lea,Set On You By Amy Lea,"<p data-start=""128"" data-end=""494""><strong data-start=""128"" data-end=""142"">Set on You</strong> by Amy Lea is a bold, feel-good romantic comedy that celebrates self-love, confidence, and owning who you are. The story follows Crystal Chen, a plus-size fitness influencer who believes the gym is for strength—not judgment. When she clashes with a handsome firefighter over gym space, what begins as irritation slowly turns into undeniable chemistry.</p>
<p data-start=""496"" data-end=""782"">Beyond the romance, <em data-start=""516"" data-end=""528"">Set on You</em> explores body positivity, social media pressure, and the courage it takes to be unapologetically yourself. With humor, heart, and relatable characters, the book challenges stereotypes around fitness and beauty while delivering a swoon-worthy love story.</p>
<p data-start=""784"" data-end=""1066"">This book is perfect for readers who enjoy modern rom-coms, strong female leads, and stories that balance romance with meaningful themes. <em data-start=""922"" data-end=""934"">Set on You</em> is a reminder that confidence is powerful, love should feel supportive, and you don’t need to change yourself to deserve happiness.</p>",Author’s book & bookmarks,Media > Books > Print Books,book,,true,Title,Default Title,,,,,,,,,0.0,shopify,9,deny,manual,450.00,,true,true,,,,,,https://cdn.shopify.com/s/files/1/0967/8818/5393/files/crosswordonline-books-default-title-set-on-you-paperback-lea-amy-40471538434265.webp?v=1770140611,1,Set On You By Amy Lea by Author’s book & bookmarks – book cover,false,Set On You By Amy Lea | Author's Book & Bookmarks,Set On You By Amy Lea by Author’s book & bookmarks. Order your copy.,Media > Books,,,,,,,,,,,,,,,paperback,,,book; humor-comedy; self-help-personal-development,english,,,,adults,,g,,,active
the-perfect-us-by-durjoy-datta,The Perfect Us By Durjoy Datta,"<p data-start=""159"" data-end=""483""><strong data-start=""159"" data-end=""177"">The Perfect Us</strong> by Durjoy Datta is a heartfelt story about love, vulnerability, and the courage it takes to open up after heartbreak. Set in the fast-paced world of Mumbai, the novel follows Deb and Avantika—two individuals carrying emotional scars, trying to navigate relationships while protecting themselves from pain.</p>
<p data-start=""485"" data-end=""777"">As their lives intertwine, the story explores modern love, commitment issues, fear of abandonment, and the silent battles people fight within themselves. Durjoy Datta beautifully captures the confusion of wanting love while being afraid of it, making the characters deeply relatable and real.</p>
<p data-start=""779"" data-end=""1038"">This book is for readers who enjoy contemporary romance with emotional depth, realistic characters, and introspective storytelling. <em data-start=""911"" data-end=""927"">The Perfect Us</em> reminds us that love doesn’t need perfection—it needs honesty, patience, and the willingness to heal together.</p>",Author’s book & bookmarks,Media > Books > Print Books,book,,true,Title,Default Title,,,,,,,,,0.0,shopify,10,deny,manual,299.00,,true,true,,,,,,https://cdn.shopify.com/s/files/1/0967/8818/5393/files/penguin-random-house-india-books-default-title-pmr-perfect-us-the-paperback-datta-durjoy-40372895875289.webp?v=1770140456,1,The Perfect Us By Durjoy Datta by Author’s book & bookmarks – book cover,false,The Perfect Us By Durjoy Datta | Author's Book & Bookmarks,The Perfect Us By Durjoy Datta by Author’s book & bookmarks. Order your copy.,Media > Books,,,,,,,,,,,,,,,,,,,,,,,,,g,,,active
warmth-by-rithvik-singh,Warmth By Rithvik Singh,"<p data-start=""185"" data-end=""482""><strong data-start=""185"" data-end=""195"">Warmth</strong> is a deeply personal and quietly powerful book about climate change, responsibility, and what it means to care in a world on the brink. Rather than focusing on statistics or fear, Daniel Sherrell approaches the climate crisis through human emotions—grief, love, hope, and moral courage.</p>
<p data-start=""484"" data-end=""835"">Blending memoir, philosophy, and reflection, <em data-start=""529"" data-end=""537"">Warmth</em> asks difficult questions: How do we live meaningful lives when the future feels uncertain? What do we owe to one another, and to the generations that come after us? The book explores activism not as loud protest alone, but as an act of care, honesty, and staying present with uncomfortable truths.</p>
<p data-start=""837"" data-end=""1136"">This book is for readers who want to understand climate change beyond headlines—for those who feel deeply, think slowly, and believe that empathy and responsibility still matter. <em data-start=""1016"" data-end=""1024"">Warmth</em> is not just about the planet warming; it’s about holding on to our humanity, even when the world feels fragile.</p>",Author’s book & bookmarks,Media > Books > Print Books,book,,true,Title,Default Title,,,,,,,,,0.0,shopify,9,deny,manual,299.00,,true,true,,,,,,https://cdn.shopify.com/s/files/1/0967/8818/5393/files/warmth-words-for-anyone-trying-to-move-on-bestselling-author-rithvik-singh-s-debut-book-original-edition-paperback-singh-rithvik-bk0508878-42587167031513.webp?v=1770140255,1,Warmth By Rithvik Singh by Author’s book & bookmarks – book cover,false,Warmth By Rithvik Singh | Author's Book & Bookmarks,Warmth By Rithvik Singh by Author’s book & bookmarks. Order your copy.,Media > Books,,,,,,,,,,,,,,,paperback,,,biography; philosophy; self-help-personal-development,english,,,,adults,,g,,,active
the-kite-runner-by-khaled-hosseini,The Kite Runner By Khaled Hosseini,"<p data-start=""137"" data-end=""451""><strong data-start=""137"" data-end=""156"">The Kite Runner</strong> by Khaled Hosseini is a powerful and haunting novel about friendship, guilt, redemption, and the lasting impact of our choices. Set against the backdrop of a changing Afghanistan, the story follows Amir, a young boy from Kabul, and his complex bond with Hassan, the son of his father’s servant.</p>
<p data-start=""453"" data-end=""789"">Through moments of loyalty, betrayal, and silence, the novel explores how one decision can shape an entire life. As Amir grows up and moves to America, the past continues to follow him—until he is given a chance to return and make things right. The kite becomes a symbol of childhood innocence, lost dreams, and the hope for redemption.</p>
<p data-start=""791"" data-end=""1066"">This book is for readers who appreciate deeply emotional stories, rich cultural settings, and characters who feel painfully real. <strong data-start=""921"" data-end=""940"">The Kite Runner</strong> is not just a story about the past—it is a reminder that forgiveness is possible, and that “there is a way to be good again.</p>",Author’s book & bookmarks,Media > Books > Print Books,book,,true,Title,Default Title,,,,,,,,,0.0,shopify,8,deny,manual,599.00,,true,true,,,,,,https://cdn.shopify.com/s/files/1/0967/8818/5393/files/crosswordonline-books-default-title-the-kite-runner-hosseini-khaled-40421769838809.jpg?v=1770140054,1,The Kite Runner By Khaled Hosseini by Author’s book & bookmarks – book cover,false,The Kite Runner By Khaled Hosseini | Author's Book & Bookmarks,The Kite Runner By Khaled Hosseini by Author’s book & bookmarks. Order your copy.,Media > Books,,,,,,,,,,,,,,,paperback,,,literature; drama; historical-fiction,english,,,,adults; teens-young-adults,,g,,,active
the-forty-rules-of-love-by-elif-shafak,The Forty Rules Of Love By Elif Shafak,"<div>
<p><b>The Forty Rules Of Love</b><span> </span>is a lyrical contemporary novel that follows Ella Rubinstein’s life as it opens to a spiritual awakening inspired by Rumi and his enigmatic companion, Shams of Tabriz. A thoughtful fusion of modern fiction and Sufi philosophy, it invites adult readers and thoughtful young adults who crave depth, soul-searching, and a hopeful journey toward love.</p>
</div>
<div class=""summary-full"">
<p>Written in warm, accessible prose, the story shifts between Ella's ordinary present and the 13th-century conversations that shaped Rumi’s poetry. The book unfolds around the forty rules of love—each rule a guiding thread that tests assumptions and invites new ways of seeing. The experience is immersive, blending vivid scenes, intimate dialogue, and spiritual reflection to create a journey that feels both intimate and expansive.</p>
<p>Readers meet memorable characters, lush settings, and a path from skepticism to openness as Sufi mysticism mingles with daily life. Through<span> </span><b>The Forty Rules Of Love</b>, the dual timelines reveal how a single relationship—between Rumi and Shams—and a single heart—Ella's—can illuminate faith, love, and belonging. The narrative pace balances reflective passages with lively exchanges, offering lessons about faith, belonging, forgiveness, and the courage to redefine what love means in a modern world.</p>
<ul>
<li>Two intertwined narratives: Ella’s modern life and the 13th-century dialogue between Rumi and Shams</li>
<li>The forty rules of love as a guiding throughline for growth, faith, and connection</li>
<li>Lyrical, imagery-rich writing that invites immersion and reflection</li>
<li>Accessible exploration of Sufi philosophy and its relevance to everyday relationships</li>
<li>Character-driven journey of self-discovery, forgiveness, and transformation</li>
<li>Rich settings, emotional depth, and a pace that blends quiet introspection with sweeping moments</li>
</ul>
<p>After finishing The Forty Rules Of Love, readers carry a deeper sense of what it means to open the heart—to others, to faith, and to themselves. The book leaves you with warmth, curiosity, and a lasting sense of possibility, a gentle reminder that love has the power to transform everyday life.</p>
</div>",Author’s book & bookmarks,Media > Books > Print Books,book,,true,Title,Default Title,,,,,,,,,0.0,shopify,10,deny,manual,899.00,,true,true,,,,,,https://cdn.shopify.com/s/files/1/0967/8818/5393/files/viking-1-august-2022-books-default-title-the-forty-rules-of-love-hb-shafak-elif-40448361791705.webp?v=1770139835,1,The Forty Rules Of Love By Elif Shafak by Author’s book & bookmarks – book cover,false,The Forty Rules Of Love By Elif | Author's Book & Bookmarks,The Forty Rules Of Love By Elif Shafak by Author’s book & bookmarks. Order your copy.,Media > Books,,,,,,,,,,,,,,,hardcover,,,literature; book; self-help-personal-development; biography,english,,,,adults,,g,,,active
blue-sisters-by-coco-mellors,Blue Sisters By Coco Mellors,"<p><strong data-start=""114"" data-end=""130"">Blue Sisters</strong> is a deeply moving story about grief, sisterhood, and the complicated bonds that shape us. It follows three sisters as they navigate love, loss, and the shadows left behind by the sister they lost. Tender yet raw, this book is for readers who appreciate emotional depth, flawed characters, and stories that feel painfully real. A quiet, powerful novel about healing, memory, and the ties that never truly break.</p>",Author’s book & bookmarks,Media > Books > Print Books,book,,true,Title,Default Title,,,,,,,,,0.0,shopify,10,deny,manual,499.00,,true,true,,,,,,https://cdn.shopify.com/s/files/1/0967/8818/5393/files/blue-sisters-bk0506041-43821960888537.webp?v=1770139568,1,Blue Sisters By Coco Mellors by Author’s book & bookmarks – book cover,false,Blue Sisters By Coco Mellors | Author's Book & Bookmarks,Blue Sisters By Coco Mellors by Author’s book & bookmarks. Order your copy.,Media > Books,,,,,,,,,,,,,,,paperback,,,literature; family; drama,english,,,,adults,,g,,,active
yellowface-by-rebecca-f-kuang,Yellowface By Rebecca F Kuang,"<p><strong data-start=""107"" data-end=""121"">Yellowface</strong> is a gripping, uncomfortable, and thought-provoking novel about ambition, identity, and the dark side of the publishing world. It follows a writer who steals a story—and slowly loses herself to guilt, fame, and lies. This book is for readers who enjoy morally complex characters, sharp satire, and stories that blur the line between right and wrong. A bold read that questions who gets to tell stories—and at what cost.</p>",Author’s book & bookmarks,Media > Books > Print Books,book,,true,Title,Default Title,,,,,,,,,0.0,shopify,9,deny,manual,399.00,,true,true,,,,,,https://cdn.shopify.com/s/files/1/0967/8818/5393/files/yellowface-bk0506040-42445991739609.webp?v=1770139331,1,Yellowface By Rebecca F Kuang by Author’s book & bookmarks – book cover,false,Yellowface By Rebecca F Kuang | Author's Book & Bookmarks,Yellowface By Rebecca F Kuang by Author’s book & bookmarks. Order your copy.,Media > Books,,,,,,,,,,,,,,,paperback,,,literature; thriller-suspense; suspense; drama,english,,,,adults,,g,,,active
the-palace-of-illusions-by-chitra-banerjee-divakaruni,The Palace Of Illusions By Chitra Banerjee Divakaruni,"<p><strong data-start=""141"" data-end=""168"">The Palace of Illusions</strong> by <strong>Chitra Banerjee Divakaruni </strong>retells the Mahabharata through the powerful voice of Draupadi, a woman often unheard in history. This story is about strength, desire, destiny, and the cost of being a woman in a world ruled by men. It’s for readers who love mythology with emotion, depth, and a fresh perspective. A timeless tale of courage, choices, and a woman who refused to be invisible.</p>",Author’s book & bookmarks,Media > Books > Print Books,book,,true,Title,Default Title,,,,,,,,,0.0,shopify,10,deny,manual,499.00,,true,true,,,,,,https://cdn.shopify.com/s/files/1/0967/8818/5393/files/The-Palace-of-Illusions.webp?v=1770138903,1,The Palace Of Illusions By Chitra Banerjee Divakaruni by Author’s book & bookmarks – book cover,false,The Palace Of Illusions By Chitra | Author's Book & Bookmarks,The Palace Of Illusions By Chitra Banerjee Divakaruni by Author’s book & bookmarks. Order your copy.,Media > Books,,,,,,,,,,,,,,,paperback,,,literature; historical-fiction,english,,,,adults,,g,,,active
jab-harry-met-sejal-bookmark,Jab Harry Met Sejal Bookmark,"<p>Inspired by <strong data-start=""169"" data-end=""192"">Jab Harry Met Sejal</strong>, this bookmark celebrates love, laughter, and the journey of finding yourself while discovering someone else. It’s for readers who cherish heartfelt connections, travel, and the magic of unexpected moments. Our vision is to turn cinematic stories of love and self-discovery into keepsakes—so every page you read carries warmth, joy, and the thrill of new beginnings.</p>
<p>Product Details</p>
<p>Paper : 300GSM Buff Carton Paper ( With Lamination )</p>
<p>Size : W : 2.5inch H : 5inch</p>
<p>Note: Size may vary slightly as this is a handmade product.</p>",Author’s book & bookmarks,Office Supplies > Book Accessories > Bookmarks,Bookmarks,,true,Title,Default Title,,,,,,,,,0.0,shopify,9,deny,manual,39.00,79.00,true,true,,,,,,https://cdn.shopify.com/s/files/1/0967/8818/5393/files/WhatsAppImage2026-02-03at2.34.08AM.jpg?v=1770066284,1,Jab Harry Met Sejal Bookmark by Author’s book & bookmarks – book cover,false,Jab Harry Met Sejal Bookmark | Author's Book & Bookmarks,Jab Harry Met Sejal Bookmark by Author’s book & bookmarks. Shop unique bookmarks at Author's Book & Bookmarks.,Office Supplies > General Office Supplies > Bookmarks,,,,,,,,,,,,,,,,rectangular,,,,paper; plastic,,,,,g,,,active
rockstar-bookmark,Rockstar Bookmark,"<p data-start=""176"" data-end=""595""><em data-start=""176"" data-end=""593"">Inspired by the Bollywood movie <strong data-start=""210"" data-end=""222"">Rockstar</strong>, this bookmark captures the journey of love, loss, and the fire that turns pain into art. It’s for readers who believe in chasing passion, feeling every emotion deeply, and letting life’s highs and lows shape their story. Our vision is to turn iconic cinematic journeys into keepsakes—so every page you read carries the music, longing, and intensity of a soul on fire.</em></p>
<p>Product Details</p>
<p>Paper : 300GSM Buff Carton Paper ( With Lamination )</p>
<p>Size : W : 2.5inch H : 5inch</p>
<p>Note: Size may vary slightly as this is a handmade product.</p>
<p data-start=""597"" data-end=""692""> </p>",Author’s book & bookmarks,Office Supplies > Book Accessories > Bookmarks,Bookmarks,,true,Title,Default Title,,,,,,,,,0.0,shopify,2,deny,manual,39.00,79.00,true,true,,,,,,https://cdn.shopify.com/s/files/1/0967/8818/5393/files/WhatsAppImage2026-02-03at2.31.32AM.jpg?v=1770066128,1,Rockstar Bookmark by Author’s book & bookmarks – book cover,false,Rockstar Bookmark | Author's Book & Bookmarks,Rockstar Bookmark by Author’s book & bookmarks. Shop unique bookmarks at Author's Book & Bookmarks.,Office Supplies > General Office Supplies > Bookmarks,,,,,,,,,,,,,,,,rectangular,,,,paper; plastic,,,,,g,,,active
piku-bookmark,Piku Bookmark,"<p>Inspired by <strong data-start=""157"" data-end=""165"">Piku</strong>, this bookmark celebrates the warmth, humor, and chaos of family bonds. It’s for readers who cherish relationships, everyday moments, and the little stories that make life meaningful. Our vision is to turn relatable, heartwarming characters into keepsakes—so every page you read carries love, laughter, and the magic of connection.</p>
<p>Product Details</p>
<p>Paper : 300GSM Buff Carton Paper ( With Lamination )</p>
<p>Size : W : 2.5inch H : 5inch</p>
<p>Note: Size may vary slightly as this is a handmade product.</p>",Author’s book & bookmarks,Office Supplies > Book Accessories > Bookmarks,Bookmarks,,true,Title,Default Title,,,,,,,,,0.0,shopify,8,deny,manual,36.00,79.00,true,true,,,,,,https://cdn.shopify.com/s/files/1/0967/8818/5393/files/WhatsAppImage2026-02-03at2.25.39AM.jpg?v=1770065888,1,Piku Bookmark by Author’s book & bookmarks – book cover,false,Piku Bookmark | Author's Book & Bookmarks,Piku Bookmark by Author’s book & bookmarks. Shop unique bookmarks at Author's Book & Bookmarks.,Office Supplies > General Office Supplies > Bookmarks,,,,,,,,,,,,,,,,rectangular,,,,paper; plastic,,,,,g,,,active
aisha-bookmark,Aisha Bookmark,"<p>Inspired by <strong data-start=""175"" data-end=""184"">Aisha</strong> from <em data-start=""190"" data-end=""203"">Wake Up Sid</em>, this bookmark celebrates curiosity, dreams, and the playful spirit of youth. It’s for readers who love embracing life, cherishing little joys, and following their heart with a smile. Our vision is to turn inspiring, relatable characters into keepsakes—so every page you read carries warmth, whimsy, and a spark of everyday magic.</p>
<p>Product Details</p>
<p>Paper : 300GSM Buff Carton Paper ( With Lamination )</p>
<p>Size : W : 2.5inch H : 5inch</p>
<p>Note: Size may vary slightly as this is a handmade product.</p>",Author’s book & bookmarks,Office Supplies > Book Accessories > Bookmarks,Bookmarks,,true,Title,Default Title,,,,,,,,,0.0,shopify,7,deny,manual,39.00,79.00,true,true,,,,,,https://cdn.shopify.com/s/files/1/0967/8818/5393/files/WhatsAppImage2026-02-03at2.22.59AM.jpg?v=1770065617,1,Aisha Bookmark by Author’s book & bookmarks – book cover,false,Aisha Bookmark | Author's Book & Bookmarks,Aisha Bookmark by Author’s book & bookmarks. Shop unique bookmarks at Author's Book & Bookmarks.,Office Supplies > General Office Supplies > Bookmarks,,,,,,,,,,,,,,,,,,,,,,,,,g,,,active
lootera-bookmark,Lootera Bookmark,"<p>Inspired by <strong data-end=""173"" data-start=""162"">Lootera</strong>, this bookmark captures love that is delicate, fleeting, and unforgettable. It’s for readers who appreciate romance woven with grace, longing, and bittersweet beauty. Our vision is to turn cinematic stories of passion and heartache into keepsakes—so every page you read carries the charm, melancholy, and magic of a love that stays in memory forever.</p>
<p>Product Details</p>
<p>Paper : 300GSM Buff Carton Paper ( With Lamination )</p>
<p>Size : W : 2.5inch H : 5inch</p>
<p>Note: Size may vary slightly as this is a handmade product.</p>",Author’s book & bookmarks,Office Supplies > Book Accessories > Bookmarks,Bookmarks,,true,Title,Default Title,,,,,,,,,0.0,shopify,8,deny,manual,39.00,79.00,true,true,,,,,,https://cdn.shopify.com/s/files/1/0967/8818/5393/files/WhatsAppImage2026-02-03at2.18.52AM.jpg?v=1770065363,1,Lootera Bookmark by Author’s book & bookmarks – book cover,false,Lootera Bookmark | Author's Book & Bookmarks,Lootera Bookmark by Author’s book & bookmarks. Shop unique bookmarks at Author's Book & Bookmarks.,Office Supplies > General Office Supplies > Bookmarks,,,,,,,,,,,,,,,,,,,,,,,,,g,,,active
bunny-naina,Bunny & Naina,"<p>Inspired by <strong data-start=""192"" data-end=""209"">Bunny &amp; Naina</strong>, this bookmark celebrates friendship, dreams, and the journey of discovering love along the way. It’s for readers who cherish laughter, memories, and the moments that shape us. Our vision is to turn unforgettable cinematic bonds into keepsakes—so every page you read carries warmth, joy, and the magic of shared journeys.</p>
<p>Product Details</p>
<p>Paper : 300GSM Buff Carton Paper ( With Lamination )</p>
<p>Size : W : 2.5inch H : 5inch</p>
<p>Note: Size may vary slightly as this is a handmade product.</p>",Author’s book & bookmarks,Office Supplies > Book Accessories > Bookmarks,Bookmarks,,true,Title,Default Title,,,,,,,,,0.0,shopify,8,deny,manual,39.00,79.00,true,true,,,,,,https://cdn.shopify.com/s/files/1/0967/8818/5393/files/WhatsAppImage2026-02-03at2.15.32AM.jpg?v=1770065175,1,Bunny & Naina by Author’s book & bookmarks – book cover,false,Bunny & Naina | Author's Book & Bookmarks,Bunny & Naina by Author’s book & bookmarks. Order your copy.,Media > Books,,,,,,,,,,,,,,,,,,,,,,,,,g,,,active
ok-jaanu-bookmark,Ok Jaanu Bookmark,"<p>Inspired by <strong data-end=""188"" data-start=""176"">OK Jaanu</strong>, this bookmark reflects the beauty of love in everyday moments—gentle, honest, and quietly powerful. It’s for readers who cherish relationships built on understanding, trust, and small joys. Our vision is to turn contemporary love stories into keepsakes—so every page you read carries warmth, emotion, and the essence of real, meaningful connections.</p>
<p>Product Details</p>
<p>Paper : 300GSM Buff Carton Paper ( With Lamination )</p>
<p>Size : W : 2.5inch H : 5inch</p>
<p>Note: Size may vary slightly as this is a handmade product</p>",Author’s book & bookmarks,Office Supplies > Book Accessories > Bookmarks,Bookmarks,,true,Title,Default Title,,,,,,,,,0.0,shopify,8,deny,manual,36.00,79.00,true,true,,,,,,https://cdn.shopify.com/s/files/1/0967/8818/5393/files/WhatsAppImage2026-02-03at2.10.56AM.jpg?v=1770064896,1,Ok Jaanu Bookmark by Author’s book & bookmarks – book cover,false,Ok Jaanu Bookmark | Author's Book & Bookmarks,Ok Jaanu Bookmark by Author’s book & bookmarks. Shop unique bookmarks at Author's Book & Bookmarks.,Office Supplies > General Office Supplies > Bookmarks,,,,,,,,,,,,,,,,rectangular,,,,paper; plastic,,,,,g,,,active
iconic-pose-bookmark,Iconic Pose Bookmark,"<p>Inspired by <strong data-start=""168"" data-end=""189"">SRK’s iconic pose</strong>, this bookmark captures charisma, confidence, and the timeless charm of Bollywood’s King of Romance. It’s for readers who believe in passion, dreams, and making every moment memorable. Our vision is to turn legendary cinematic moments into keepsakes—so every page you read carries a spark of magic, love, and unstoppable style.</p>
<p>Product Details</p>
<p>Paper : 300GSM Buff Carton Paper ( With Lamination )</p>
<p>Size : W : 2.5inch H : 5inch</p>
<p>Note: Size may vary slightly as this is a handmade product.</p>",Author’s book & bookmarks,Office Supplies > Book Accessories > Bookmarks,Bookmarks,,true,Title,Default Title,,,,,,,,,0.0,shopify,10,deny,manual,39.00,79.00,true,true,,,,,,https://cdn.shopify.com/s/files/1/0967/8818/5393/files/WhatsAppImage2026-02-03at2.07.43AM_ae0645be-f1ad-4383-81a2-a1b4cf849137.jpg?v=1770066829,1,Iconic Pose Bookmark by Author’s book & bookmarks – book cover,false,Iconic Pose Bookmark | Author's Book & Bookmarks,Iconic Pose Bookmark by Author’s book & bookmarks. Shop unique bookmarks at Author's Book & Bookmarks.,Office Supplies > General Office Supplies > Bookmarks,,,,,,,,,,,,,,,,,,,,,,,,,g,,,active
slumdog-millionaire-bookmark,Slumdog Millionaire Bookmark,"<p>Inspired by <strong data-start=""172"" data-end=""195"">Slumdog Millionaire</strong>, this bookmark celebrates resilience, love, and the magic of destiny. It’s for readers who believe that no matter where life begins, courage, hope, and heart can lead you to your dreams. Our vision is to turn stories of triumph and unwavering spirit into timeless keepsakes—so every page you read reminds you that fate has a way of rewarding those who never give up.</p>
<p>Product Details</p>
<p>Paper : 300GSM Buff Carton Paper ( With Lamination )</p>
<p>Size : W : 2.5inch H : 5inch</p>
<p>Note: Size may vary slightly as this is a handmade product.</p>",Author’s book & bookmarks,Office Supplies > Book Accessories > Bookmarks,Bookmarks,,true,Title,Default Title,,,,,,,,,0.0,shopify,9,deny,manual,39.00,79.00,true,true,,,,,,https://cdn.shopify.com/s/files/1/0967/8818/5393/files/WhatsAppImage2026-02-03at2.03.35AM.jpg?v=1770064462,1,Slumdog Millionaire Bookmark by Author’s book & bookmarks – book cover,false,Slumdog Millionaire Bookmark | Author's Book & Bookmarks,Slumdog Millionaire Bookmark by Author’s book & bookmarks. Shop unique bookmarks at Author's Book & Bookmarks.,Office Supplies > General Office Supplies > Bookmarks,,,,,,,,,,,,,,,,rectangular,,,,paper; plastic,,,,,g,,,active
dev-d-bookmark,Dev.D Bookmark,"<p>“Inspired by <strong data-start=""177"" data-end=""186"">Dev.D</strong>, this bookmark reflects love, rebellion, and the raw intensity of modern emotions. It’s for readers who embrace imperfection, feel life’s highs and lows deeply, and know that sometimes chaos is part of the journey. Our vision is to turn bold, contemporary stories into keepsakes—so every page you read carries a spark of passion, grit, and unforgettable energy.”</p>
<p>Product Details</p>
<p>Paper : 300GSM Buff Carton Paper ( With Lamination )</p>
<p>Size : W : 2.5inch H : 5inch</p>
<p>Note: Size may vary slightly as this is a handmade product.</p>",Author’s book & bookmarks,Office Supplies > Book Accessories > Bookmarks,Bookmarks,bookmark,true,Title,Default Title,,,,,,,,,0.0,shopify,5,deny,manual,39.00,79.00,true,true,,,,,,https://cdn.shopify.com/s/files/1/0967/8818/5393/files/WhatsAppImage2026-02-03at1.55.58AM.jpg?v=1770064095,1,Dev.D Bookmark by Author’s book & bookmarks – book cover,false,Dev.D Bookmark | Author's Book & Bookmarks,Dev.D Bookmark by Author’s book & bookmarks. Shop unique bookmarks at Author's Book & Bookmarks.,Office Supplies > General Office Supplies > Bookmarks,,,,,,,,,,,,,,,,rectangular,,,,paper; plastic,,,,,g,,,active
macheal-jackson-bookmark,Macheal Jackson Bookmark,"<p>Inspired by <strong data-start=""165"" data-end=""184"">Michael Jackson</strong>, this bookmark celebrates creativity, passion, and the power to inspire generations. It’s for readers who believe in dreaming big, moving with rhythm, and leaving an unforgettable mark on the world. Our vision is to turn iconic legends into keepsakes—so every page you read carries a spark of magic, music, and unstoppable energy.</p>
<p>Product Details</p>
<p>Paper : 300GSM Buff Carton Paper ( With Lamination )</p>
<p>Size : W : 2.5inch H : 5inch</p>
<p>Note: Size may vary slightly as this is a handmade product.</p>",Author’s book & bookmarks,Office Supplies > Book Accessories > Bookmarks,Bookmarks,bookmark,true,Title,Default Title,,,,,,,,,0.0,shopify,7,deny,manual,39.00,79.00,true,true,,,,,,https://cdn.shopify.com/s/files/1/0967/8818/5393/files/WhatsAppImage2026-02-03at1.49.59AM.jpg?v=1770063639,1,Macheal Jackson Bookmark by Author’s book & bookmarks – book cover,false,Macheal Jackson Bookmark | Author's Book & Bookmarks,Macheal Jackson Bookmark by Author’s book & bookmarks. Shop unique bookmarks at Author's Book & Bookmarks.,Office Supplies > General Office Supplies > Bookmarks,,,,,,,,,,,,'1,,,,,,,,,,,,,g,,,active
moon-walk-bookmark,Moon Walk Bookmark,"<p>Inspired by <strong data-end=""195"" data-start=""165"">Michael Jackson’s Moonwalk</strong>, this bookmark celebrates artistry, rhythm, and the magic of moving beyond limits. It’s for readers who admire passion, style, and moments that leave a mark forever. Our vision is to turn iconic performances into timeless keepsakes—so every page you read carries a spark of brilliance, rhythm, and inspiration.</p>
<p>Product Details</p>
<p>Paper : 300GSM Buff Carton Paper ( With Lamination )</p>
<p>Size : W : 2.5inch H : 5inch</p>
<p>Note: Size may vary slightly as this is a handmade product.</p>",Author’s book & bookmarks,Office Supplies > Book Accessories > Bookmarks,Bookmarks,bookmark,true,Title,Default Title,,,,,,,,,0.0,shopify,9,deny,manual,39.00,79.00,true,true,,,,,,https://cdn.shopify.com/s/files/1/0967/8818/5393/files/WhatsAppImage2026-02-03at1.45.10AM.jpg?v=1770063355,1,Moon Walk Bookmark by Author’s book & bookmarks – book cover,false,Moon Walk Bookmark | Author's Book & Bookmarks,Moon Walk Bookmark by Author’s book & bookmarks. Shop unique bookmarks at Author's Book & Bookmarks.,Office Supplies > General Office Supplies > Bookmarks,,,,,,,,,,,,,,,,rectangular,,,,paper; plastic,,,,,g,,,active
ok-kanmani-bookmark,Ok Kanmani Bookmark,"<p>Inspired by <strong data-start=""165"" data-end=""179"">OK Kanmani</strong>, this bookmark reflects love in its most honest and evolving form—where freedom, companionship, and commitment find their balance. It’s for readers who believe love doesn’t have to follow old rules, but still deserves depth and respect. Our vision is to turn contemporary stories of connection into meaningful bookmarks, so every page reminds you that love can be gentle, real, and beautifully intentional.</p>
<p>Product Details</p>
<p>Paper : 300GSM Buff Carton Paper ( With Lamination )</p>
<p>Size : W : 2.5inch H : 5inch</p>
<p>Note: Size may vary slightly as this is a handmade product.</p>",Author’s book & bookmarks,Office Supplies > Book Accessories > Bookmarks,Bookmarks,bookmark,true,Title,Default Title,,,,,,,,,0.0,shopify,9,deny,manual,39.00,79.00,true,true,,,,,,https://cdn.shopify.com/s/files/1/0967/8818/5393/files/WhatsApp_Image_2026-02-03_at_1.39.10_AM.jpg?v=1770062989,1,Ok Kanmani Bookmark by Author’s book & bookmarks – book cover,false,Ok Kanmani Bookmark | Author's Book & Bookmarks,Ok Kanmani Bookmark by Author’s book & bookmarks. Shop unique bookmarks at Author's Book & Bookmarks.,Office Supplies > General Office Supplies > Bookmarks,,,,,,,,,,,,,,,,rectangular,,,,paper; plastic,,,,,g,,,active
spirited-away-bookmark,Spirited Away Bookmark,"<p>Inspired by <strong data-start=""156"" data-end=""173"">Spirited Away</strong>, this bookmark celebrates curiosity, courage, and the journey of finding yourself in an unfamiliar world. It’s for readers who believe in quiet bravery, magical moments, and growing stronger through kindness. Our vision is to turn timeless stories of imagination and self-discovery into bookmarks that carry a little magic—so every page feels like a step into a world where wonder still exists.</p>
<p>Product Details</p>
<p>Paper : 300GSM Buff Carton Paper ( With Lamination )</p>
<p>Size : W : 2.5inch H : 5inch</p>
<p>Note: Size may vary slightly as this is a handmade product.</p>",Author’s book & bookmarks,Office Supplies > Book Accessories > Bookmarks,Bookmarks,bookmark,true,Title,Default Title,,,,,,,,,0.0,shopify,5,deny,manual,39.00,79.00,true,true,,,,,,https://cdn.shopify.com/s/files/1/0967/8818/5393/files/WhatsAppImage2026-02-03at1.22.31AM.jpg?v=1770062348,1,Spirited Away Bookmark by Author’s book & bookmarks – book cover,false,Spirited Away Bookmark | Author's Book & Bookmarks,Spirited Away Bookmark by Author’s book & bookmarks. Shop unique bookmarks at Author's Book & Bookmarks.,Office Supplies > General Office Supplies > Bookmarks,,,,,,,,,,,,,,,,rectangular,,,,,,,,,g,,,active
your-name-bookmark,Your Name Bookmark,"<p>Inspired by the anime <strong data-start=""168"" data-end=""181"">Your Name</strong>, this bookmark captures the beauty of connection beyond time, distance, and memory. It’s for readers who believe in fate, unfinished feelings, and the quiet pull of souls meant to meet. Our vision is to turn stories that feel like destiny into gentle keepsakes—so every page you read carries a sense of wonder, longing, and the magic of finding someone you were always searching for.</p>
<p>Product Details</p>
<p>Paper : 300GSM Buff Carton Paper ( With Lamination )</p>
<p>Size : W : 2.5inch H : 5inch</p>
<p>Note: Size may vary slightly as this is a handmade product.</p>",Author’s book & bookmarks,Office Supplies > Book Accessories > Bookmarks,Bookmarks,,true,Title,Default Title,,,,,,,,,0.0,shopify,9,deny,manual,29.00,79.00,true,true,,,,,,https://cdn.shopify.com/s/files/1/0967/8818/5393/files/WhatsAppImage2026-01-29at8.01.35PM.jpg?v=1769697152,1,Your Name Bookmark by Author’s book & bookmarks – book cover,false,Your Name Bookmark | Author's Book & Bookmarks,Your Name Bookmark by Author’s book & bookmarks. Shop unique bookmarks at Author's Book & Bookmarks.,Office Supplies > General Office Supplies > Bookmarks,,,,,,,,,,,,,,,,,,,,,,,,,g,,,active
the-story-of-my-experiments-with-truth,The Story Of My Experiments With Truth,"<div class=""book-summary"">
<div class=""book-summary-desc"">
<div class=""summary-preview"">
<div>
<p>The Story Of My Experiments With Truth - Paperback offers an intimate glimpse into the life and philosophy of Mahatma Gandhi. This autobiography blends history, ethics, and a deeply personal journey of sacrifice, self‑discovery, and an unwavering commitment to truth. Accessible to readers of all ages, it speaks to anyone seeking inspiration, resilience, and a principled path through life, with a calm, hopeful, and empowering tone.</p>
</div>
<div class=""summary-full"">
<p>In The Story Of My Experiments With Truth, Gandhi invites readers into a private journey shaped by discipline, humility, and an enduring quest for truth. This edition brings the original two volumes together in a single, easy‑to‑read format, making the story of a life that helped shape a nation approachable for curious minds today. The narrative is written in a straightforward, first‑person voice that feels both candid and compassionate, weaving together personal triumphs and the darker moments with equal honesty. You’ll encounter key ideas—truth as a daily practice, nonviolence as a guiding strategy, and the power of service—delivered in a way that is enlightening without being didactic.</p>
<ul>
<li>Single‑volume edition that combines two classic volumes into an accessible, seamless read</li>
<li>Honest, first‑person storytelling that spans childhood, struggle, and steadfast conviction</li>
<li>Core concepts include truth, nonviolence (ahimsa), satyagraha, self‑discipline, and service</li>
<li>Clear, thoughtful writing that invites reflection, empathy, and practical insight</li>
<li>Timeless lessons on leadership, resilience, and ethical action that resonate across generations</li>
</ul>
<p>After finishing The Story Of My Experiments With Truth, readers gain a deeper understanding of Gandhi's enduring legacy and are invited to reflect on their own values. The book leaves you inspired to live with integrity, courage, and compassion, encouraging a daily pursuit of truth that can shape choices big and small.</p>
</div>
</div>
</div>
</div>",Author’s book & bookmarks,Media > Books > Print Books,History book,,true,Title,Default Title,,,,,,,,,0.0,shopify,10,deny,manual,215.00,350.00,true,true,,,,,,https://cdn.shopify.com/s/files/1/0967/8818/5393/files/the-story-of-my-experiments-with-truth-bk0515703-44634472284377.webp?v=1769694730,1,The Story Of My Experiments With Truth by Author’s book & bookmarks – book cover,false,The Story Of My Experiments With | Author's Book & Bookmarks,The Story Of My Experiments With Truth by Author’s book & bookmarks. Order your copy.,Media > Books,,,,,,,,,,,,,,,paperback,,,biography; history,english,,,,suitable-for-all-ages,,g,,,active
homebound,Homebound,"<p data-start=""245"" data-end=""500"">Some stories don’t end when the movie does — they stay with you.<br data-start=""309"" data-end=""312"">Inspired by the quiet intensity and emotional depth of the film <strong data-start=""376"" data-end=""391""><em data-start=""378"" data-end=""389"">Homebound</em></strong>, this bookmark is made for readers who connect deeply with stories of belonging, memory, and inner conflict.</p>
<p data-start=""502"" data-end=""702"">The <strong data-start=""506"" data-end=""528"">Homebound Bookmark</strong> reflects themes of home, distance, and emotional return — a silent companion that rests between pages while you pause, reflect, and come back to the story when you’re ready.</p>
<p data-start=""704"" data-end=""854"">Minimal in design yet heavy with meaning, it’s perfect for readers who love cinema that feels real, raw, and personal — just like the books they read.</p>
<p>Product Details</p>
<p>Paper : 300GSM Buff Carton Paper ( With Lamination )</p>
<p>Size : W : 2.5inch H : 5inch</p>
<p>Note: Size may vary slightly as this is a handmade product.</p>",Author’s book & bookmarks,Office Supplies > Book Accessories > Bookmarks,Bookmarks,,true,Title,Default Title,,,,,,,,,0.0,shopify,10,deny,manual,39.00,79.00,true,true,,,,,,https://cdn.shopify.com/s/files/1/0967/8818/5393/files/WhatsApp_Image_2026-01-19_at_11.48.12_PM.jpg?v=1768848130,1,Homebound by Author’s book & bookmarks – book cover,false,Homebound | Author's Book & Bookmarks,Homebound by Author’s book & bookmarks. Order your copy.,Media > Books,,,,,,,,,,,,,,,,,,,,,,,,,g,,,active
rockstar-aur-ho-bookmark,Jordan Standing Bookmark,"<p>Inspired by <strong data-start=""151"" data-end=""161"">Jordan</strong> from <em data-start=""167"" data-end=""177"">Rockstar</em>, this bookmark captures the chaos of passion, heartbreak, and the fire that turns pain into music. It’s for readers who feel deeply, lose themselves in art, and believe that brokenness can create something beautiful. Our vision is to turn iconic characters into timeless bookmarks—so every page carries the madness, longing, and freedom of a soul that refused to be ordinary.</p>
<p>Product Details</p>
<p>Paper : 300GSM Buff Carton Paper ( With Lamination )</p>
<p>Size : W : 2.5inch H : 5inch</p>
<p>Note: Size may vary slightly as this is a handmade product.</p>",Author’s book & bookmarks,Office Supplies > Book Accessories > Bookmarks,Bookmarks,,true,Title,Default Title,,,,,,,,,0.0,shopify,6,deny,manual,39.00,79.00,true,true,,,,,,https://cdn.shopify.com/s/files/1/0967/8818/5393/files/WhatsAppImage2026-01-19at11.48.11PM.jpg?v=1768848043,1,Jordan Standing Bookmark by Author’s book & bookmarks – book cover,false,Jordan Standing Bookmark | Author's Book & Bookmarks,Jordan Standing Bookmark by Author’s book & bookmarks. Shop unique bookmarks at Author's Book & Bookmarks.,Office Supplies > General Office Supplies > Bookmarks,,,,,,,,,,,,,,,,,,,,,,,,,g,,,active
barfi-bookmark,Barfi Bookmark,"<p>Inspired by <strong data-end=""144"" data-start=""134"">Barfi!</strong>, this bookmark celebrates love in its purest form—innocent, expressive, and beyond words. It’s for readers who believe that emotions don’t always need language and that simplicity can be deeply beautiful. Our vision is to capture such gentle stories and turn them into timeless bookmarks, where every page reminds you that love, when true, is always felt.</p>
<p>Product Details</p>
<p>Paper : 300GSM Buff Carton Paper ( With Lamination )</p>
<p>Size : W : 2.5inch H : 5inch</p>
<p>Note: Size may vary slightly as this is a handmade product.</p>",Author’s book & bookmarks,Office Supplies > Book Accessories > Bookmarks,Bookmarks,,true,Title,Default Title,,,,,,,,,0.0,shopify,7,deny,manual,39.00,79.00,true,true,,,,,,https://cdn.shopify.com/s/files/1/0967/8818/5393/files/WhatsAppImage2026-01-19at11.48.11PM_2.jpg?v=1768847966,1,Barfi Bookmark by Author’s book & bookmarks – book cover,false,Barfi Bookmark | Author's Book & Bookmarks,Barfi Bookmark by Author’s book & bookmarks. Shop unique bookmarks at Author's Book & Bookmarks.,Office Supplies > General Office Supplies > Bookmarks,,,,,,,,,,,,,,,,,,,,,,,,,g,,,active
rock-on-bookmark,Rock.on Bookmark,"<p>Inspired by <strong data-start=""151"" data-end=""164"">Rock On!!</strong>, this bookmark is a tribute to friendship, passion, and the courage to chase unfinished dreams. It’s for readers who believe it’s never too late to start again and for hearts that still beat for music and meaning. Our vision is to turn stories of hope and self-discovery into timeless bookmarks—reminding you, with every page, to hold on to what truly moves you.</p>
<p>Product Details</p>
<p>Paper : 300GSM Buff Carton Paper ( With Lamination )</p>
<p>Size : W : 2.5inch H : 5inch</p>
<p>Note: Size may vary slightly as this is a handmade product.</p>",Author’s book & bookmarks,Media > Books > Print Books,Bookmarks,,true,Title,Default Title,,,,,,,,,0.0,shopify,9,deny,manual,39.00,79.00,true,true,,,,,,https://cdn.shopify.com/s/files/1/0967/8818/5393/files/WhatsAppImage2026-01-19at11.48.10PM_2.jpg?v=1768847876,1,Rock.on Bookmark by Author’s book & bookmarks – book cover,false,Rock.on Bookmark | Author's Book & Bookmarks,Rock.on Bookmark by Author’s book & bookmarks. Shop unique bookmarks at Author's Book & Bookmarks.,Office Supplies > General Office Supplies > Bookmarks,,,,,,,,,,,,,,,,,,,,,,,,,g,,,active
delhi-belly-bookmark,Delhi Belly Bookmark,"<p>Inspired by <strong data-start=""145"" data-end=""160"">Delhi Belly</strong>, this bookmark captures chaos, friendship, and the unapologetic madness of urban life. It’s for readers who enjoy dark humor, real conversations, and stories that don’t play safe. Our vision is to celebrate cult films and iconic moments by turning them into bookmarks that break the rules—adding a little rebellion, laughter, and attitude between every page you read.</p>
<p>Product Details</p>
<p>Paper : 300GSM Buff Carton Paper ( With Lamination )</p>
<p>Size : W : 2.5inch H : 5inch</p>
<p>Note: Size may vary slightly as this is a handmade product.</p>",Author’s book & bookmarks,Office Supplies > Book Accessories > Bookmarks,Bookmarks,,true,Title,Default Title,,,,,,,,,0.0,shopify,9,deny,manual,39.00,79.00,true,true,,,,,,https://cdn.shopify.com/s/files/1/0967/8818/5393/files/WhatsAppImage2026-01-19at11.48.10PM_1.jpg?v=1768847706,1,Delhi Belly Bookmark by Author’s book & bookmarks – book cover,false,Delhi Belly Bookmark | Author's Book & Bookmarks,Delhi Belly Bookmark by Author’s book & bookmarks. Shop unique bookmarks at Author's Book & Bookmarks.,Office Supplies > General Office Supplies > Bookmarks,,,,,,,,,,,,,,,,,,,,,,,,,g,,,active
yeh-jawaani-hai-deewani,Yeh Jawaani Hai Diwani,"<p>Inspired by <strong data-start=""180"" data-end=""207"">Yeh Jawaani Hai Deewani</strong>, this bookmark celebrates dreams, friendships, and the journey of becoming who you truly are. It’s for readers who love freedom, chase experiences, and still believe in finding their people along the way. Our vision is to turn stories that shaped a generation into keepsakes that travel with you—reminding you that no matter how far you go, some emotions always bring you back.</p>
<p>Product Details</p>
<p>Paper : 300GSM Buff Carton Paper ( With Lamination )</p>
<p>Size : W : 2.5inch H : 5inch</p>
<p>Note: Size may vary slightly as this is a handmade product.</p>",Author’s book & bookmarks,Office Supplies > Book Accessories > Bookmarks,Bookmarks,,true,Title,Default Title,,,,,,,,,0.0,shopify,8,deny,manual,39.00,79.00,true,true,,,,,,https://cdn.shopify.com/s/files/1/0967/8818/5393/files/WhatsApp_Image_2026-01-19_at_11.48.09_PM_2.jpg?v=1768847568,1,Yeh Jawaani Hai Diwani by Author’s book & bookmarks – book cover,false,Yeh Jawaani Hai Diwani | Author's Book & Bookmarks,Yeh Jawaani Hai Diwani by Author’s book & bookmarks. Order your copy.,Media > Books,,,,,,,,,,,,,,,,,,,,,,,,,g,,,active
raanjhana-bookmark,Raanjhana Bookmark,"<p>Inspired by the movie <strong data-end=""173"" data-start=""159"">Raanjhanaa</strong>, this bookmark reflects love in its most intense and unfiltered form—where devotion is fearless and emotions run deep. It’s for readers who believe love isn’t always perfect, but it is always honest. Our vision is to capture such unforgettable stories and turn them into timeless bookmarks, so every page you read carries a feeling that lingers, just like the film itself.</p>
<p>Product Details</p>
<p>Paper : 300GSM Buff Carton Paper ( With Lamination )</p>
<p>Size : W : 2.5inch H : 5inch</p>
<p>Note: Size may vary slightly as this is a handmade product.</p>",Author’s book & bookmarks,Office Supplies > Book Accessories > Bookmarks,Bookmarks,,true,Title,Default Title,,,,,,,,,0.0,shopify,7,deny,manual,39.00,79.00,true,true,,,,,,https://cdn.shopify.com/s/files/1/0967/8818/5393/files/WhatsAppImage2026-01-19at11.48.09PM_1.jpg?v=1768847189,1,Raanjhana Bookmark by Author’s book & bookmarks – book cover,false,Raanjhana Bookmark | Author's Book & Bookmarks,Raanjhana Bookmark by Author’s book & bookmarks. Shop unique bookmarks at Author's Book & Bookmarks.,Office Supplies > General Office Supplies > Bookmarks,,,,,,,,,,,,,,,,,,,,,,,,,g,,,active
i-hate-luv-stories,I Hate Luv Stories,"<p>Inspired by the movie <strong data-start=""153"" data-end=""174"">I Hate Luv Storys</strong>, this bookmark celebrates the irony of love—how even those who deny it can’t escape its magic. It’s made for readers who laugh at romance, question it, yet secretly believe in its power. Our vision is simple: to turn movies that shaped our hearts into little keepsakes that live between pages and stay with you long after the story ends.</p>
<p>Product Details</p>
<p>Paper : 300GSM Buff Carton Paper ( With Lamination )</p>
<p>Size : W : 2.5inch H : 5inch</p>
<p data-start=""154"" data-end=""219""><strong data-start=""154"" data-end=""163"">Note:</strong> <em data-start=""164"" data-end=""219"">Size may vary slightly as this is a handmade product.</em></p>
<p> </p>",Author’s book & bookmarks,Office Supplies > Book Accessories > Bookmarks,Bookmarks,,true,Title,Default Title,,,,,,,,,0.0,shopify,7,deny,manual,39.00,79.00,true,true,,,,,,https://cdn.shopify.com/s/files/1/0967/8818/5393/files/WhatsApp_Image_2026-01-19_at_11.48.09_PM.jpg?v=1768847067,1,I Hate Luv Stories by Author’s book & bookmarks – book cover,false,I Hate Luv Stories | Author's Book & Bookmarks,I Hate Luv Stories by Author’s book & bookmarks. Order your copy.,Media > Books,,,,,,,,,,,,,,,,,,,,,,,,,g,,,active
october-bookmarks,October Bookmarks,"<p>A little piece of October—soft stories, quiet love, and warm feelings tucked into a bookmark.</p>
<p>Product Details</p>
<p>Paper : 300GSM Buff Carton Paper ( With Lamination )</p>
<p>Size : W : 2.5inch H : 5inch</p>
<p data-start=""154"" data-end=""219""><strong data-start=""154"" data-end=""163"">Note:</strong> <em data-start=""164"" data-end=""219"">Size may vary slightly as this is a handmade product.</em></p>",Author’s book & bookmarks,Office Supplies > Book Accessories > Bookmarks,Bookmarks,,true,Title,Default Title,,,,,,,,,0.0,shopify,3,deny,manual,39.00,79.00,true,true,,,,,,https://cdn.shopify.com/s/files/1/0967/8818/5393/files/WhatsAppImage2026-01-19at11.48.12PM_1_-Copy.jpg?v=1768846898,1,October Bookmarks by Author’s book & bookmarks – book cover,false,October Bookmarks | Author's Book & Bookmarks,October Bookmarks by Author’s book & bookmarks. Shop unique bookmarks at Author's Book & Bookmarks.,Office Supplies > General Office Supplies > Bookmarks,,,,,,,,,,,,,,,,,,,,,,,,,g,,,active
the-last-leaf,The Last leaf,"<p><em class=""eujQNb"" data-processed=""true"">The Last Leaf</em><span> by O. Henry is </span><mark class=""HxTRcb"" data-processed=""true"">a poignant short story about hope, friendship, and sacrifice, centered on young artist Johnsy, who falls ill with pneumonia in Greenwich Village and believes she will die when the last ivy leaf falls from a vine outside her window</mark><span>. Her friend Sue and an old, gruff painter named </span><a class=""GI370e"" data-wiz-uids=""uIJFBc_c"" data-ved=""2ahUKEwi0nN7tivCRAxVOia8BHQCIEhkQgK4QegQIARAC"" data-hveid=""CAEQAg"" data-processed=""true"" href=""https://www.google.com/search?q=Behrman&amp;rlz=1C1OPNX_en-GBIN1176IN1176&amp;sca_esv=030e8312b2279e79&amp;sxsrf=AE3TifNTXCkNmC5VPdNxjOkmh8Jl1_rifA%3A1767467741927&amp;ei=3WpZadOnOI7l1e8PuLfbuAk&amp;ved=2ahUKEwi0nN7tivCRAxVOia8BHQCIEhkQgK4QegQIARAC&amp;uact=5&amp;oq=THE+LAST+LEAF+BOOK+DESCRIPTION&amp;gs_lp=Egxnd3Mtd2l6LXNlcnAiHlRIRSBMQVNUIExFQUYgQk9PSyBERVNDUklQVElPTjIIECEYoAEYwwQyCBAhGKABGMMESJY9UL0EWJwucAF4AZABAJgB7gKgAcceqgEIMC42LjExLjG4AQPIAQD4AQGYAgqgAqgQwgIKEAAYsAMY1gQYR8ICBxAjGLACGCfCAggQABiABBiiBMICBRAAGO8FwgIGEAAYBxgewgIIEAAYBxgIGB7CAggQABgIGA0YHsICCxAAGIAEGIYDGIoFwgIIEAAYogQYiQXCAgoQIRigARjDBBgKmAMAiAYBkAYHkgcHMS4yLjYuMaAHxnuyBwcwLjIuNi4xuAedEMIHBTItNi40yAc_gAgA&amp;sclient=gws-wiz-serp&amp;mstk=AUtExfB-hfRC3DFcLTogEDn5N5qU9Ch0q57rgiENfR4ROae42fipBobEMrTC1lIyPgmjrQE1i2ojpl7seuCm-69NAn4fCMbVXqcx8khp3t5JWaM_ofzRLeVQOYnXvqkT96FHohXuDeXsJ5F5VAoliBbzhI7NXWokpwG1_wvZOWQeGdM41oMD-P0-dYcFTlr7Myxqdb_d_eOYDpS1UxAIFC26k8VH_x25rUO4LQSV9PeIOeg7eHBri3FgsHTYb0FqEKlRgj7wD3u_ypv_XzC-yw1PKrCuckDVjVoZgWpn0tdh-bueS6hMS1PZ8e9I8jKno4K9gn1G2tYQOUDzj-NpPng-yH0EKR_uxhcZ7_BErPdcYKxHoM8VHfO1JIWeZFag2FQYlSy1EA5npLAjKii_yaB3mw&amp;csui=3"">Behrman</a><span> conspire to save her, culminating in Behrman painting a realistic leaf on the wall during a stormy night, which gives Johnsy the will to live, while Behrman himself succumbs to the illness</span><span>.</span><span class=""uJ19be notranslate"" data-wiz-uids=""uIJFBc_d,uIJFBc_e,uIJFBc_f"" data-processed=""true""><span class=""vKEkVd"" data-animation-atomic="""" data-wiz-attrbind=""class=uIJFBc_d/TKHnVd;"" data-processed=""true""> </span></span></p>",Author’s book & bookmarks,Media > Books,,,true,Title,Default Title,,,,,,,,,0.0,shopify,0,deny,manual,250.00,,true,true,,,,,,https://cdn.shopify.com/s/files/1/0967/8818/5393/files/61puae075oL.jpg?v=1767467922,1,The Last leaf by Author’s book & bookmarks – book cover,false,The Last leaf | Author's Book & Bookmarks,The Last leaf by Author’s book & bookmarks. Order your copy.,Media > Books,,,,,,,,,,,,,,,,,,literature; book; drama,english,,,,suitable-for-all-ages,,g,,,active
ravindranath-tarore-selectred-stories,Selected short stories Of Ravindranath Tagore,"<p><span class=""N9Q8Lc"">Rabindranath Tagore's<span> </span></span><em class=""eujQNb"" data-processed=""true""><span class=""N9Q8Lc"">Selected Short Stories</span></em><span class=""N9Q8Lc""><span> </span>are<span> </span></span><mark class=""HxTRcb"" data-processed=""true""><span class=""N9Q8Lc"">classic collections featuring vivid portrayals of rural Bengali life, exploring themes like love, caste, poverty, women's struggles, and spirituality with lyrical prose and deep humanity, blending documentary realism with profound vision to offer timeless insights into human relationships and cultural shifts, often set in villages and princely courts with surprising twists</span></mark><span class=""N9Q8Lc"">. These Nobel Laureate-penned tales are celebrated for their accessible yet complex narratives, making them relevant for fans of classic literature and Indian writing, despite sometimes varied translation quality</span><span class=""N9Q8Lc"">.</span><span class=""uJ19be notranslate"" data-wiz-uids=""Q5LHgd_c,Q5LHgd_d,Q5LHgd_e"" data-processed=""true""><span class=""vKEkVd"" data-animation-atomic="""" data-wiz-attrbind=""class=Q5LHgd_c/TKHnVd;"" data-processed=""true""> </span></span></p>",Author’s book & bookmarks,Media > Books,,,true,Title,Default Title,,,,,,,,,0.0,shopify,10,deny,manual,299.00,,true,true,,,,,,https://cdn.shopify.com/s/files/1/0967/8818/5393/files/61j3WLZx1LL._SY466.jpg?v=1767467823,1,Selected short stories Of Ravindranath Tagore by Author’s book & bookmarks – book cover,false,Selected short stories Of | Author's Book & Bookmarks,Selected short stories Of Ravindranath Tagore by Author’s book & bookmarks. Order your copy.,Media > Books,,,,,,,,,,,,,,,,,,literature; book,english,,,,adults; suitable-for-all-ages,,g,,,active
the-white-tiger,The White Tiger,"<p><span>The White Tiger is a compelling first novel about the new India that is growing roots all around us, in unexpected and often ominous ways. ‘Compelling, angry, and darkly humorous, The White Tiger is an unexpected journey into a new India. Aravind Adiga is a talent to watch.’ Mohsin Hamid, Booker-shortlisted author of The Reluctant Fundamentalist’In the grand illusions of a rising” India, Aravind Adiga has found a subject Gogol might have envied. With remorselessly and delightfully mordant wit The White Tiger anatomises the fantastic cravings of the rich; it evokes, too, with startling accuracy and tenderness, the no less desperate struggles of the deprived.’ Pankaj Mishra ‘Unlike almost any other Indian novel you might have read in recent years, this page-turner offers a completely bald, angry, unadorned portrait of the country as seen from the bottom of the heap; there’s not a sniff of saffron or a swirl of sari anywhere. Narrated by Balram, a self-styled “entrepreneur” who has murdered his employer, the book follows his progress from child labourer, via humiliation as a servant and driver, to a mysterious new life in Bangalore. Balram himself is an enticing figure, whose reasons for murder become completely understandable by the end, but even more impressive is the nitty-gritty of Indian life that Adiga unearths: the corruption, the class system, the sheer petty viciousness. The Indian tourist board won’t be pleased, but you’ll read it in a trice and find yourself gripped.’ Sunday Times, London”</span></p>",Author’s book & bookmarks,Media > Books,,,true,Title,Default Title,,,,,,,,,0.0,shopify,10,deny,manual,350.00,,true,true,,,,,,https://cdn.shopify.com/s/files/1/0967/8818/5393/files/91-_gi9-NKL._SY466.jpg?v=1767467619,1,The White Tiger by Author’s book & bookmarks – book cover,false,The White Tiger | Author's Book & Bookmarks,The White Tiger by Author’s book & bookmarks. Order your copy.,Media > Books,,,,,,,,,,,,,,,,,,literature; drama; suspense,english,,,,adults,,g,,,active
the-white-tiger,,,,,,,,,,,,,,,,,,,,,,,,,,,,,,,,https://cdn.shopify.com/s/files/1/0967/8818/5393/files/shopping_2.webp?v=1767467618,2,The White Tiger – product image 2,,,,,,,,,,,,,,,,,,,,,,,,,,,,,,,,
the-beauty-of-myth,The Beauty Of Myth,"<p><span>The basic premise of The Beauty Myth is that as the social power and prominence of women have increased, the pressure they feel to adhere to unrealistic social standards of physical beauty has also grown stronger because of commercial influences on the mass media.</span></p>",Author’s book & bookmarks,Media > Books,book,,true,Title,Default Title,,,,,,,,,0.0,shopify,0,deny,manual,299.00,,true,true,,,,,,https://cdn.shopify.com/s/files/1/0967/8818/5393/files/shopping.webp?v=1767467420,1,The Beauty Of Myth by Author’s book & bookmarks – book cover,false,The Beauty Of Myth | Author's Book & Bookmarks,The Beauty Of Myth by Author’s book & bookmarks. Order your copy.,Media > Books,,,,,,,,,,,,,,,,,,society-culture; self-help-personal-development,english,,,,adults,,g,,,active
the-beauty-of-myth,,,,,,,,,,,,,,,,,,,,,,,,,,,,,,,,https://cdn.shopify.com/s/files/1/0967/8818/5393/files/shopping_1.webp?v=1767467420,2,The Beauty Of Myth – product image 2,,,,,,,,,,,,,,,,,,,,,,,,,,,,,,,,
thank-you-for-leaving,Thank You For Leaving,"<p><span data-huuid=""4588102018155306592""><span>Thank You for Leaving by <a class=""DTlJ6d"" href=""https://www.google.com/search?sa=X&amp;sca_esv=779cd1526b046b4a&amp;rlz=1C1OPNX_en-GBIN1176IN1176&amp;biw=1536&amp;bih=730&amp;sxsrf=AE3TifMpznCNx0sxLgHDUGmDv3jLVQOrvw%3A1767379003441&amp;q=Rithvik+Singh&amp;ved=2ahUKEwiD4rvtv-2RAxX74TgGHeIBEVwQxccNegQIHRAB&amp;mstk=AUtExfDokieMvc2s45ES03DlsMmLe8Ims_q3TIWRw9Tu7I5Y520nHWxIJ_zCpvDaKNjmlTJcH6obM-tvBQwKt6S8HSBdLyy-1NTlACD9aHWPaQv9sWSoNg6pK0byvjvg9JD8qwK2NskozZl42cUOyWEkwDMDiROzDdgOE5qs9JY2UFfa_xVrw2Tfe4Kp5Uylc4hsH8-tsCjqVcjHD4DiTKg9XqV5LvAugV70yRiisHoPeYtuAoIYpNfnSXdIyzi8wivK9jVYM_R3ekXORPVq2BgEl0kJkXEiql_4G_-PM_IidcP-Vg&amp;csui=3"" data-hveid=""CB0QAQ"">Rithvik Singh</a> is a collection of emotional poetry, prose, and letters about <mark class=""QVRyCf"">love, heartbreak, loss, healing, and self-love</mark>, aimed at people who feel deeply, overthink, and invest heavily in relationships, offering comfort and validation through relatable themes of heartbreak and finding strength in vulnerability.</span><span> </span></span><span data-huuid=""4588102018155304583""><span>It's described as a companion for emotional journeys, exploring the ups and downs of relationships and the process of moving on.</span><span> </span></span><span data-huuid=""4588102018155304661""><span></span><span class=""pjBG2e"" data-cid=""6ccf112d-8015-42ef-8629-2f641bfb7d2d""><span class=""UV3uM""> </span></span></span></p>",Author’s book & bookmarks,Media > Books,Novel,,true,Title,Default Title,,,,,,,,,0.0,shopify,10,deny,manual,500.00,,true,true,,,,,,https://cdn.shopify.com/s/files/1/0967/8818/5393/files/Thankyouforleaving.webp?v=1770057630,1,Thank You For Leaving by Author’s book & bookmarks – book cover,false,Thank You For Leaving | Author's Book & Bookmarks,Thank You For Leaving by Author’s book & bookmarks. Order your copy.,Media > Books,,,,,,,,,,,,,,,,,,self-help-personal-development; book; relationships,english,,,,adults,,g,,,active
thank-you-for-leaving,,,,,,,,,,,,,,,,,,,,,,,,,,,,,,,,https://cdn.shopify.com/s/files/1/0967/8818/5393/files/71QKC5x7buL._SL1500.webp?v=1770057630,2,Thank You For Leaving – product image 2,,,,,,,,,,,,,,,,,,,,,,,,,,,,,,,,
can-we-be-strangers-again,Can We Be Strangers Again,"<p><span data-huuid=""16318368254782735195""><span>Can We Be Strangers Again?</span><span> </span></span><span data-huuid=""16318368254782736128""><span>by Shrijeet Shandilya is <mark class=""QVRyCf"">a popular contemporary novel about love, friendship, betrayal, and heartbreak, following three college friends where a romance between two leads to fractured bonds, exploring themes of loss, letting go, and emotional healing with a raw, relatable, first-person narrative</mark>.</span><span> </span></span><span data-huuid=""16318368254782737061""><span>It's praised for its simple yet deep emotional portrayal, making readers connect with the protagonist's journey of moving on and finding themselves after a significant relationship ends.</span><span> </span></span><span data-huuid=""16318368254782734831""><span></span><span class=""pjBG2e"" data-cid=""79ca6ef6-a1a5-4823-ae07-ee58ce7a75a8""><span class=""UV3uM""> </span></span></span></p>",Author’s book & bookmarks,Media > Books,Novel,,true,Title,Default Title,,,,,,,,,0.0,shopify,9,deny,manual,299.00,,true,true,,,,,,https://cdn.shopify.com/s/files/1/0967/8818/5393/files/9780143475927.webp?v=1767378888,1,Can We Be Strangers Again by Author’s book & bookmarks – book cover,false,Can We Be Strangers Again | Author's Book & Bookmarks,Can We Be Strangers Again by Author’s book & bookmarks. Order your copy.,Media > Books,,,,,,,,,,,,,,,,,,book; drama; literature,english,,,,adults,,g,,,active
can-we-be-strangers-again,,,,,,,,,,,,,,,,,,,,,,,,,,,,,,,,https://cdn.shopify.com/s/files/1/0967/8818/5393/files/can-we-be-strangers-again-bk0521289-44663951425753.webp?v=1767378889,2,Can We Be Strangers Again – product image 2,,,,,,,,,,,,,,,,,,,,,,,,,,,,,,,,
while-we-wait,While We Wait,"<p>While We Wait is a deeply emotional romance about two broken hearts learning to heal together. This contemporary love story follows Aditi and Raghav as life rearranges their worlds, showing how love can grow in quiet moments, in shared silences, and in steadfast presence. Aimed at adult readers and older young adults who savor character-driven romance, emotional depth, and a tender, hopeful tone, While We Wait invites you into a journey of healing and connection.</p>
<p>Written in an intimate, reader-friendly voice, While We Wait draws you close to Aditi and Raghav as they navigate grief, resilience, and the slow, stubborn work of rebuilding trust. The story unfolds with a gentle rhythm that respects silence as a language all its own, and it balances ache with warmth, offering moments of comfort and quiet optimism. The book’s structure and pacing support a immersive experience where every small gesture—every shared look, every patient choice—matters, creating a memory you’ll carry long after the last page.</p>
<ul>
<li>Two broken souls finding strength in each other, learning to cope and to hope again</li>
<li>Intimate, character-driven storytelling with a warm, lyrical prose style</li>
<li>Themes of grief, healing, resilience, and the quiet power of companionship</li>
<li>Measured pacing that lets emotions unfurl naturally, without rush</li>
<li>Contemporary setting and relatable life moments that feel true to real romance</li>
</ul>
<p>Readers finish While We Wait with a renewed sense of hope and a belief that healing is possible through presence, patience, and shared vulnerability. The book leaves you with a comforting sense of connection and a confidence that love can endure life’s upheavals.</p>",Author’s book & bookmarks,Media > Books > Print Books,Novel,,true,Title,Default Title,,,,,,,,,0.0,shopify,10,deny,manual,299.00,,true,true,,,,,,https://cdn.shopify.com/s/files/1/0967/8818/5393/files/image001_1_1_1200x1200_1977baf5-0b0f-47ec-adfa-1ae4bde2ceb8.webp?v=1767378411,1,While We Wait by Author’s book & bookmarks – book cover,false,While We Wait | Author's Book & Bookmarks,While We Wait by Author’s book & bookmarks. Order your copy.,Media > Books,,,,,,,,,,,,,,,paperback,,,book; literature,english,,,,adults; teens-young-adults,,g,,,active
while-we-wait,,,,,,,,,,,,,,,,,,,,,,,,,,,,,,,,https://cdn.shopify.com/s/files/1/0967/8818/5393/files/images_1.jpg?v=1767378411,2,While We Wait – product image 2,,,,,,,,,,,,,,,,,,,,,,,,,,,,,,,,
think-like-a-monk-by-jay-shetty,Think Like A Monk By Jay Shetty,"<p><span class="""">In </span><b data-path-to-node=""0"" data-index-in-node=""3"" class="""">""Think Like a Monk,""</b><span class=""""> former Vedic monk turned content creator </span><b data-path-to-node=""0"" data-index-in-node=""65"" class="""">Jay Shetty</b><span class=""""> distills the timeless wisdom he learned during his three years living in an ashram in India.</span><span class=""""> The book serves as a practical guide to applying monastic principles—such as stillness,</span><span class=""""> detachment,</span><span class=""""> and purpose—to the chaotic pace of modern life.</span></p>",Author’s book & bookmarks,Media > Books,Novel,Books,true,Title,Default Title,,,,,,,,,230.0,shopify,10,deny,manual,499.00,,true,true,,,,,,https://cdn.shopify.com/s/files/1/0967/8818/5393/files/crosswordonline-books-default-title-think-like-a-monk-1st-edition-train-your-m-paperback-jay-shetty-40439672864985.webp?v=1769695628,1,Think Like A Monk By Jay Shetty by Author’s book & bookmarks – book cover,false,Think Like A Monk By Jay Shetty | Author's Book & Bookmarks,Think Like A Monk By Jay Shetty by Author’s book & bookmarks. Order your copy.,Media > Books,,,,,,,,,,,,'2,,,,,,,english,,all-ages,,adults,,g,,,active
love-redesigned-by-lauren-asher,Love Redesigned by Lauren Asher,"<p><b data-path-to-node=""0"" data-index-in-node=""49"">""Love Redesigned""</b><span> by Lauren Asher. This is the first book in the </span><i data-path-to-node=""0"" data-index-in-node=""114"">Lakefront Billionaires</i><span> series and is a popular choice for fans of the ""childhood rivals-to-lovers"" and ""small-town romance"" tropes.</span></p>",Author’s book & bookmarks,Media > Books,Novel,"Books, Fiction, Novel",true,Title,Default Title,,,,,,,,,200.0,shopify,10,deny,manual,600.00,,true,true,,,,,,https://cdn.shopify.com/s/files/1/0967/8818/5393/files/91XnsmZ8xQL._SY466.jpg?v=1770301188,1,Love Redesigned by Lauren Asher by Author’s book & bookmarks – book cover,false,Love Redesigned by Lauren Asher | Author's Book & Bookmarks,Love Redesigned by Lauren Asher by Author’s book & bookmarks. Order your copy.,Media > Books,,,,,,,,,,,,,,,,,,,english,,all-ages; adults,,teens-young-adults; adults,,g,,,active
the-god-of-small-things-by-arundhati-roy,The God Of Small Things By Arundhati Roy,"<p><span class=""citation-11"">Set in the lush, humid landscape of Kerala, India, Arundhati Roy’s debut novel, </span><b data-path-to-node=""0"" data-index-in-node=""80""><span class=""citation-11"">The God of Small Things</span></b><span class=""citation-11 citation-end-11"">, is a masterpiece of linguistic precision and emotional depth.<source-footnote ng-version=""0.0.0-PLACEHOLDER"" _nghost-ng-c4207110723=""""><sup _ngcontent-ng-c4207110723="""" class=""superscript"" data-turn-source-index=""1""></sup></source-footnote></span><span> </span><span class=""citation-10 citation-end-10"">It tells the story of twins Rahel and Esthappen (Estha) and the tragic unraveling of their family.<source-footnote ng-version=""0.0.0-PLACEHOLDER"" _nghost-ng-c4207110723=""""><sup _ngcontent-ng-c4207110723="""" class=""superscript"" data-turn-source-index=""2""></sup></source-footnote></span><sources-carousel-inline ng-version=""0.0.0-PLACEHOLDER"" _nghost-ng-c2742577412=""""><source-inline-chips _ngcontent-ng-c2742577412="""" _nghost-ng-c2631690858="""" class=""ng-star-inserted""><source-inline-chip _ngcontent-ng-c2631690858="""" _nghost-ng-c3128960296="""" class=""ng-star-inserted"">
<div _ngcontent-ng-c3128960296="""" class=""source-inline-chip-container ng-star-inserted""></div>
</source-inline-chip><source-inline-chip _ngcontent-ng-c2631690858="""" _nghost-ng-c3128960296="""" class=""ng-star-inserted"">
<div _ngcontent-ng-c3128960296="""" class=""source-inline-chip-container ng-star-inserted""></div>
</source-inline-chip></source-inline-chips></sources-carousel-inline></p>",Author’s book & bookmarks,Media > Books,Novel,"Arundhati roy, Books, Fiction, Novel",true,Genre,novel,product.metafields.shopify.genre,,,,,,,,200.0,shopify,10,deny,manual,450.00,,true,true,,,,,,https://cdn.shopify.com/s/files/1/0967/8818/5393/files/91saO95VziL._SY466_3523050c-cac1-4ff1-b65d-423b5571abe4.jpg?v=1769695962,1,The God Of Small Things By Arundhati Roy by Author’s book & bookmarks – book cover,false,The God Of Small Things By Arundhati | Author's Book & Bookmarks,The God Of Small Things By Arundhati Roy by Author’s book & bookmarks. Add to your Indian literature collection.,Media > Books,,,,,,,,,,,,,,,,,,book; novel,english,,adults,,adults; suitable-for-all-ages; teens-young-adults,,g,,,active
